game_id,match_id,match_format,match_game_number,mode,queue_id,queue_name,ranked,season_id,season_name,started_at,ended_at,duration_seconds,turns,result,end_reason,your_player,went_first,your_lore,opp_lore,mmr_before,mmr_after,mmr_delta,is_placement,placement_number,your_user_id,your_deck_id,your_deck_colors,your_decklist,opp_display_name,opp_guest,opp_is_bot,opp_deck_colors,replay_id,replay_filename,replay_url,gamelog_id,gamelog_filename,gamelog_url
01a0bf3c-cf6c-7674-b26d-d8d6442e7f3a,,bo1,,matchmaking,core-bo1,Core Set 13 BO1,true,,Core BO1 - Set 13,2026-09-20T14:33:48.672Z,2026-09-20T14:40:19.064Z,390,6,loss,concede,2,false,3,16,894,877,-17,false,,NXjudlPnHhqUtmfVoVIh5j0C0v81fpoh,01a01646-e86d-709f-a6bd-c60e8ab3364a,Amber/Emerald,"[{""cardId"":""10-19"",""count"":2},{""cardId"":""11-1"",""count"":3},{""cardId"":""11-11"",""count"":2},{""cardId"":""11-13"",""count"":4},{""cardId"":""11-20"",""count"":4},{""cardId"":""11-9"",""count"":4},{""cardId"":""12-22"",""count"":4},{""cardId"":""12-26"",""count"":2},{""cardId"":""12-86"",""count"":4},{""cardId"":""12-90"",""count"":1},{""cardId"":""13-12"",""count"":4},{""cardId"":""13-18"",""count"":4},{""cardId"":""13-80"",""count"":3},{""cardId"":""2-27"",""count"":3},{""cardId"":""3-18"",""count"":4},{""cardId"":""3-90"",""count"":4},{""cardId"":""9-6"",""count"":4},{""cardId"":""9-78"",""count"":4}]",Rsm91,false,false,Amber/Emerald,01a0bf3c-cf80-762e-9a56-6ecaf2374591,01a0bf3c-cf6c-7674-b26d-d8d6442e7f3a_p2.replay.gz,https://duels.ink/r/01a0bf3c-cf80-762e-9a56-6ecaf2374591,01a0bf3c-cf6c-7674-b26d-d8d6442e7f3a,01a0bf3c-cf6c-7674-b26d-d8d6442e7f3a.logs.gz,https://duels.ink/g/01a0bf3c-cf6c-7674-b26d-d8d6442e7f3a
01a0ba45-fc73-7781-a6db-b2c5ed06612e,,bo1,,matchmaking,core-bo1,Core Set 13 BO1,true,,Core BO1 - Set 13,2026-09-19T15:25:43.935Z,2026-09-19T15:38:56.553Z,793,12,loss,concede,1,false,18,16,913,894,-19,false,,NXjudlPnHhqUtmfVoVIh5j0C0v81fpoh,01a01646-e86d-709f-a6bd-c60e8ab3364a,Amber/Emerald,"[{""cardId"":""10-19"",""count"":2},{""cardId"":""11-1"",""count"":3},{""cardId"":""11-11"",""count"":2},{""cardId"":""11-13"",""count"":4},{""cardId"":""11-20"",""count"":4},{""cardId"":""11-9"",""count"":4},{""cardId"":""12-22"",""count"":4},{""cardId"":""12-26"",""count"":2},{""cardId"":""12-86"",""count"":4},{""cardId"":""12-90"",""count"":1},{""cardId"":""13-12"",""count"":4},{""cardId"":""13-18"",""count"":4},{""cardId"":""13-80"",""count"":3},{""cardId"":""2-27"",""count"":3},{""cardId"":""3-18"",""count"":4},{""cardId"":""3-90"",""count"":4},{""cardId"":""9-6"",""count"":4},{""cardId"":""9-78"",""count"":4}]",can_Duh_s,false,false,Emerald/Steel,01a0ba45-fc7f-7e8b-843c-10eb3c86f1c0,01a0ba45-fc73-7781-a6db-b2c5ed06612e_p1.replay.gz,https://duels.ink/r/01a0ba45-fc7f-7e8b-843c-10eb3c86f1c0,01a0ba45-fc73-7781-a6db-b2c5ed06612e,01a0ba45-fc73-7781-a6db-b2c5ed06612e.logs.gz,https://duels.ink/g/01a0ba45-fc73-7781-a6db-b2c5ed06612e
01a0b5a2-b7a8-755a-9f08-7a95d1fbe537,,bo1,,matchmaking,core-bo1,Core Set 13 BO1,true,,Core BO1 - Set 13,2026-09-18T17:48:55.096Z,2026-09-18T18:02:40.831Z,826,10,win,concede,1,false,16,12,890,913,23,false,,NXjudlPnHhqUtmfVoVIh5j0C0v81fpoh,01a01646-e86d-709f-a6bd-c60e8ab3364a,Amber/Emerald,"[{""cardId"":""10-19"",""count"":2},{""cardId"":""11-1"",""count"":3},{""cardId"":""11-11"",""count"":2},{""cardId"":""11-13"",""count"":4},{""cardId"":""11-20"",""count"":4},{""cardId"":""11-9"",""count"":4},{""cardId"":""12-22"",""count"":4},{""cardId"":""12-26"",""count"":2},{""cardId"":""12-86"",""count"":4},{""cardId"":""12-90"",""count"":1},{""cardId"":""13-12"",""count"":4},{""cardId"":""13-18"",""count"":4},{""cardId"":""13-80"",""count"":3},{""cardId"":""2-27"",""count"":3},{""cardId"":""3-18"",""count"":4},{""cardId"":""3-90"",""count"":4},{""cardId"":""9-6"",""count"":4},{""cardId"":""9-78"",""count"":4}]",Yi Ann Lim,false,false,Amber/Emerald,01a0b5a2-b7b5-7969-a3b1-898013264764,01a0b5a2-b7a8-755a-9f08-7a95d1fbe537_p1.replay.gz,https://duels.ink/r/01a0b5a2-b7b5-7969-a3b1-898013264764,01a0b5a2-b7a8-755a-9f08-7a95d1fbe537,01a0b5a2-b7a8-755a-9f08-7a95d1fbe537.logs.gz,https://duels.ink/g/01a0b5a2-b7a8-755a-9f08-7a95d1fbe537
01a0b539-29af-743b-a03b-ccaac0f8b8fd,,bo1,,matchmaking,core-bo1,Core Set 13 BO1,true,,Core BO1 - Set 13,2026-09-18T15:53:37.610Z,2026-09-18T15:58:49.903Z,312,4,loss,concede,2,false,0,15,902,890,-12,false,,NXjudlPnHhqUtmfVoVIh5j0C0v81fpoh,01a01646-e86d-709f-a6bd-c60e8ab3364a,Amber/Emerald,"[{""cardId"":""10-19"",""count"":2},{""cardId"":""11-1"",""count"":3},{""cardId"":""11-11"",""count"":2},{""cardId"":""11-13"",""count"":4},{""cardId"":""11-20"",""count"":4},{""cardId"":""11-9"",""count"":4},{""cardId"":""12-22"",""count"":4},{""cardId"":""12-26"",""count"":2},{""cardId"":""12-86"",""count"":4},{""cardId"":""12-90"",""count"":1},{""cardId"":""13-12"",""count"":4},{""cardId"":""13-18"",""count"":4},{""cardId"":""13-80"",""count"":3},{""cardId"":""2-27"",""count"":3},{""cardId"":""3-18"",""count"":4},{""cardId"":""3-90"",""count"":4},{""cardId"":""9-6"",""count"":4},{""cardId"":""9-78"",""count"":4}]",DarkwingP,false,false,Amber/Amethyst,01a0b539-2a49-7066-a2b8-c8b9b4fa3c06,01a0b539-29af-743b-a03b-ccaac0f8b8fd_p2.replay.gz,https://duels.ink/r/01a0b539-2a49-7066-a2b8-c8b9b4fa3c06,01a0b539-29af-743b-a03b-ccaac0f8b8fd,01a0b539-29af-743b-a03b-ccaac0f8b8fd.logs.gz,https://duels.ink/g/01a0b539-29af-743b-a03b-ccaac0f8b8fd
01a0b52e-8a0d-7778-980c-c8527d375b87,,bo1,,matchmaking,core-bo1,Core Set 13 BO1,true,,Core BO1 - Set 13,2026-09-18T15:42:01.235Z,2026-09-18T15:52:59.142Z,658,8,win,concede,2,true,16,9,880,902,22,false,,NXjudlPnHhqUtmfVoVIh5j0C0v81fpoh,01a01646-e86d-709f-a6bd-c60e8ab3364a,Amber/Emerald,"[{""cardId"":""10-19"",""count"":2},{""cardId"":""11-1"",""count"":3},{""cardId"":""11-11"",""count"":2},{""cardId"":""11-13"",""count"":4},{""cardId"":""11-20"",""count"":4},{""cardId"":""11-9"",""count"":4},{""cardId"":""12-22"",""count"":4},{""cardId"":""12-26"",""count"":2},{""cardId"":""12-86"",""count"":4},{""cardId"":""12-90"",""count"":1},{""cardId"":""13-12"",""count"":4},{""cardId"":""13-18"",""count"":4},{""cardId"":""13-80"",""count"":3},{""cardId"":""2-27"",""count"":3},{""cardId"":""3-18"",""count"":4},{""cardId"":""3-90"",""count"":4},{""cardId"":""9-6"",""count"":4},{""cardId"":""9-78"",""count"":4}]",Xantis,false,false,Amethyst/Ruby,01a0b52e-8a13-7468-ab59-2ac204516519,01a0b52e-8a0d-7778-980c-c8527d375b87_p2.replay.gz,https://duels.ink/r/01a0b52e-8a13-7468-ab59-2ac204516519,01a0b52e-8a0d-7778-980c-c8527d375b87,01a0b52e-8a0d-7778-980c-c8527d375b87.logs.gz,https://duels.ink/g/01a0b52e-8a0d-7778-980c-c8527d375b87
01a0b1d7-5990-7b46-829e-126126bb8dd8,,bo1,,matchmaking,core-bo1,Core Set 13 BO1,true,,Core BO1 - Set 13,2026-09-18T00:07:55.553Z,2026-09-18T00:21:45.669Z,830,10,loss,concede,1,true,14,17,902,880,-22,false,,NXjudlPnHhqUtmfVoVIh5j0C0v81fpoh,01a01646-e86d-709f-a6bd-c60e8ab3364a,Amber/Emerald,"[{""cardId"":""10-19"",""count"":2},{""cardId"":""11-1"",""count"":3},{""cardId"":""11-11"",""count"":2},{""cardId"":""11-13"",""count"":4},{""cardId"":""11-20"",""count"":4},{""cardId"":""11-9"",""count"":4},{""cardId"":""12-22"",""count"":4},{""cardId"":""12-26"",""count"":2},{""cardId"":""12-86"",""count"":4},{""cardId"":""12-90"",""count"":1},{""cardId"":""13-12"",""count"":4},{""cardId"":""13-18"",""count"":4},{""cardId"":""13-80"",""count"":3},{""cardId"":""2-27"",""count"":3},{""cardId"":""3-18"",""count"":4},{""cardId"":""3-90"",""count"":4},{""cardId"":""9-6"",""count"":4},{""cardId"":""9-78"",""count"":4}]",Matorsi,false,false,Amber/Emerald,01a0b1d7-59a0-7d4d-b877-76b79d04197c,01a0b1d7-5990-7b46-829e-126126bb8dd8_p1.replay.gz,https://duels.ink/r/01a0b1d7-59a0-7d4d-b877-76b79d04197c,01a0b1d7-5990-7b46-829e-126126bb8dd8,01a0b1d7-5990-7b46-829e-126126bb8dd8.logs.gz,https://duels.ink/g/01a0b1d7-5990-7b46-829e-126126bb8dd8
01a0b12b-b7a1-7972-a9e8-65194ed82eac,,bo1,,matchmaking,core-bo1,Core Set 13 BO1,true,,Core BO1 - Set 13,2026-09-17T21:00:27.442Z,2026-09-17T21:12:27.118Z,720,8,loss,concede,2,true,12,16,920,902,-18,false,,NXjudlPnHhqUtmfVoVIh5j0C0v81fpoh,01a01646-e86d-709f-a6bd-c60e8ab3364a,Amber/Emerald,"[{""cardId"":""10-19"",""count"":2},{""cardId"":""11-1"",""count"":3},{""cardId"":""11-11"",""count"":2},{""cardId"":""11-13"",""count"":4},{""cardId"":""11-20"",""count"":4},{""cardId"":""11-9"",""count"":4},{""cardId"":""12-22"",""count"":4},{""cardId"":""12-26"",""count"":2},{""cardId"":""12-86"",""count"":4},{""cardId"":""12-90"",""count"":1},{""cardId"":""13-12"",""count"":4},{""cardId"":""13-18"",""count"":4},{""cardId"":""13-80"",""count"":3},{""cardId"":""2-27"",""count"":3},{""cardId"":""3-18"",""count"":4},{""cardId"":""3-90"",""count"":4},{""cardId"":""9-6"",""count"":4},{""cardId"":""9-78"",""count"":4}]",damienempis74,false,false,Amber/Emerald,01a0b12b-b7b1-7e47-8e08-af484c5d5985,01a0b12b-b7a1-7972-a9e8-65194ed82eac_p2.replay.gz,https://duels.ink/r/01a0b12b-b7b1-7e47-8e08-af484c5d5985,01a0b12b-b7a1-7972-a9e8-65194ed82eac,01a0b12b-b7a1-7972-a9e8-65194ed82eac.logs.gz,https://duels.ink/g/01a0b12b-b7a1-7972-a9e8-65194ed82eac
01a0b120-fbf8-7e9e-9cf6-67275220828c,,bo1,,matchmaking,core-bo1,Core Set 13 BO1,true,,Core BO1 - Set 13,2026-09-17T20:48:44.041Z,2026-09-17T20:56:14.664Z,451,6,win,concede,2,true,11,4,901,920,19,false,,NXjudlPnHhqUtmfVoVIh5j0C0v81fpoh,01a01646-e86d-709f-a6bd-c60e8ab3364a,Amber/Emerald,"[{""cardId"":""10-19"",""count"":2},{""cardId"":""11-1"",""count"":3},{""cardId"":""11-11"",""count"":2},{""cardId"":""11-13"",""count"":4},{""cardId"":""11-20"",""count"":4},{""cardId"":""11-9"",""count"":4},{""cardId"":""12-22"",""count"":4},{""cardId"":""12-26"",""count"":2},{""cardId"":""12-86"",""count"":4},{""cardId"":""12-90"",""count"":1},{""cardId"":""13-12"",""count"":4},{""cardId"":""13-18"",""count"":4},{""cardId"":""13-80"",""count"":3},{""cardId"":""2-27"",""count"":3},{""cardId"":""3-18"",""count"":4},{""cardId"":""3-90"",""count"":4},{""cardId"":""9-6"",""count"":4},{""cardId"":""9-78"",""count"":4}]",Kieran Young,false,false,Amethyst/Emerald,01a0b120-fc08-7284-acaf-943197554aa5,01a0b120-fbf8-7e9e-9cf6-67275220828c_p2.replay.gz,https://duels.ink/r/01a0b120-fc08-7284-acaf-943197554aa5,01a0b120-fbf8-7e9e-9cf6-67275220828c,01a0b120-fbf8-7e9e-9cf6-67275220828c.logs.gz,https://duels.ink/g/01a0b120-fbf8-7e9e-9cf6-67275220828c
01a0b0fc-665d-7d9e-8340-739c3c22b19f,,bo1,,matchmaking,core-bo1,Core Set 13 BO1,true,,Core BO1 - Set 13,2026-09-17T20:08:46.438Z,2026-09-17T20:21:13.605Z,747,7,win,lore,2,true,20,17,885,901,16,false,,NXjudlPnHhqUtmfVoVIh5j0C0v81fpoh,01a01646-e86d-709f-a6bd-c60e8ab3364a,Amber/Emerald,"[{""cardId"":""10-19"",""count"":2},{""cardId"":""11-1"",""count"":3},{""cardId"":""11-11"",""count"":2},{""cardId"":""11-13"",""count"":4},{""cardId"":""11-20"",""count"":4},{""cardId"":""11-9"",""count"":4},{""cardId"":""12-22"",""count"":4},{""cardId"":""12-26"",""count"":2},{""cardId"":""12-86"",""count"":4},{""cardId"":""12-90"",""count"":1},{""cardId"":""13-12"",""count"":4},{""cardId"":""13-18"",""count"":4},{""cardId"":""13-80"",""count"":3},{""cardId"":""2-27"",""count"":3},{""cardId"":""3-18"",""count"":4},{""cardId"":""3-90"",""count"":4},{""cardId"":""9-6"",""count"":4},{""cardId"":""9-78"",""count"":4}]",Marco,false,false,Amber/Emerald,01a0b0fc-6665-7826-a66e-79bc06c06968,01a0b0fc-665d-7d9e-8340-739c3c22b19f_p2.replay.gz,https://duels.ink/r/01a0b0fc-6665-7826-a66e-79bc06c06968,01a0b0fc-665d-7d9e-8340-739c3c22b19f,01a0b0fc-665d-7d9e-8340-739c3c22b19f.logs.gz,https://duels.ink/g/01a0b0fc-665d-7d9e-8340-739c3c22b19f
01a0afda-6b8b-719a-9691-b91b4b441bc9,,bo1,,matchmaking,core-bo1,Core Set 13 BO1,true,,Core BO1 - Set 13,2026-09-17T14:52:02.322Z,2026-09-17T14:59:47.985Z,466,7,win,lore,2,false,20,19,865,885,20,false,,NXjudlPnHhqUtmfVoVIh5j0C0v81fpoh,01a01646-e86d-709f-a6bd-c60e8ab3364a,Amber/Emerald,"[{""cardId"":""10-19"",""count"":2},{""cardId"":""11-1"",""count"":3},{""cardId"":""11-11"",""count"":2},{""cardId"":""11-13"",""count"":4},{""cardId"":""11-20"",""count"":4},{""cardId"":""11-9"",""count"":4},{""cardId"":""12-22"",""count"":4},{""cardId"":""12-26"",""count"":2},{""cardId"":""12-86"",""count"":4},{""cardId"":""12-90"",""count"":1},{""cardId"":""13-12"",""count"":4},{""cardId"":""13-18"",""count"":4},{""cardId"":""13-80"",""count"":3},{""cardId"":""2-27"",""count"":3},{""cardId"":""3-18"",""count"":4},{""cardId"":""3-90"",""count"":4},{""cardId"":""9-6"",""count"":4},{""cardId"":""9-78"",""count"":4}]",Xanax,false,false,Amethyst/Steel,01a0afda-6b92-7bb7-ab70-2d520383847c,01a0afda-6b8b-719a-9691-b91b4b441bc9_p2.replay.gz,https://duels.ink/r/01a0afda-6b92-7bb7-ab70-2d520383847c,01a0afda-6b8b-719a-9691-b91b4b441bc9,01a0afda-6b8b-719a-9691-b91b4b441bc9.logs.gz,https://duels.ink/g/01a0afda-6b8b-719a-9691-b91b4b441bc9
01a0afd3-7ed9-7b5b-895b-ca6e1315fd36,,bo1,,bot,,,false,,,2026-09-17T14:44:28.512Z,2026-09-17T14:51:46.904Z,438,10,loss,lore,1,true,11,20,,,,false,,NXjudlPnHhqUtmfVoVIh5j0C0v81fpoh,01a01646-e86d-709f-a6bd-c60e8ab3364a,Amber/Emerald,"[{""cardId"":""10-19"",""count"":2},{""cardId"":""11-1"",""count"":3},{""cardId"":""11-11"",""count"":2},{""cardId"":""11-13"",""count"":4},{""cardId"":""11-20"",""count"":4},{""cardId"":""11-9"",""count"":4},{""cardId"":""12-22"",""count"":4},{""cardId"":""12-26"",""count"":2},{""cardId"":""12-86"",""count"":4},{""cardId"":""12-90"",""count"":1},{""cardId"":""13-12"",""count"":4},{""cardId"":""13-18"",""count"":4},{""cardId"":""13-80"",""count"":3},{""cardId"":""2-27"",""count"":3},{""cardId"":""3-18"",""count"":4},{""cardId"":""3-90"",""count"":4},{""cardId"":""9-6"",""count"":4},{""cardId"":""9-78"",""count"":4}]",Bot (Normal),false,true,Amethyst/Ruby,01a0afd3-7edf-76fe-97fb-1df7bd4efcf0,01a0afd3-7ed9-7b5b-895b-ca6e1315fd36_p1.replay.gz,https://duels.ink/r/01a0afd3-7edf-76fe-97fb-1df7bd4efcf0,01a0afd3-7ed9-7b5b-895b-ca6e1315fd36,01a0afd3-7ed9-7b5b-895b-ca6e1315fd36.logs.gz,https://duels.ink/g/01a0afd3-7ed9-7b5b-895b-ca6e1315fd36
01a0a0b5-8a67-7a8b-bc74-5f9cc9545a87,,bo1,,bot,,,false,,,2026-09-14T16:17:27.148Z,2026-09-14T16:28:42.822Z,676,15,loss,lore,1,true,7,20,,,,false,,NXjudlPnHhqUtmfVoVIh5j0C0v81fpoh,01a08c1a-2018-7a31-8dd0-bd3de66d85ba,Ruby/Steel,"[{""cardId"":""10-197"",""count"":3},{""cardId"":""11-122"",""count"":2},{""cardId"":""11-174"",""count"":4},{""cardId"":""11-177"",""count"":4},{""cardId"":""11-197"",""count"":4},{""cardId"":""12-104"",""count"":3},{""cardId"":""12-121"",""count"":1},{""cardId"":""12-127"",""count"":3},{""cardId"":""12-178"",""count"":1},{""cardId"":""12-179"",""count"":2},{""cardId"":""12-185"",""count"":3},{""cardId"":""13-109"",""count"":4},{""cardId"":""13-114"",""count"":4},{""cardId"":""13-133"",""count"":1},{""cardId"":""13-134"",""count"":2},{""cardId"":""13-135"",""count"":4},{""cardId"":""13-176"",""count"":3},{""cardId"":""13-183"",""count"":4},{""cardId"":""4-128"",""count"":2},{""cardId"":""4-132"",""count"":2},{""cardId"":""9-109"",""count"":4}]",Bot (Normal),false,true,Amber/Sapphire,01a0a0b5-8a6c-7fc1-b1f0-be0c6bf6e628,01a0a0b5-8a67-7a8b-bc74-5f9cc9545a87_p1.replay.gz,https://duels.ink/r/01a0a0b5-8a6c-7fc1-b1f0-be0c6bf6e628,01a0a0b5-8a67-7a8b-bc74-5f9cc9545a87,01a0a0b5-8a67-7a8b-bc74-5f9cc9545a87.logs.gz,https://duels.ink/g/01a0a0b5-8a67-7a8b-bc74-5f9cc9545a87
01a0972c-4bbb-7ded-8c65-bbd12c7ba846,,bo1,,bot,,,false,,,2026-09-12T19:50:57.767Z,2026-09-12T20:03:35.726Z,758,14,loss,concede,1,true,4,19,,,,false,,NXjudlPnHhqUtmfVoVIh5j0C0v81fpoh,01a08c1a-2018-7a31-8dd0-bd3de66d85ba,Ruby/Steel,"[{""cardId"":""10-197"",""count"":3},{""cardId"":""11-122"",""count"":2},{""cardId"":""11-174"",""count"":4},{""cardId"":""11-177"",""count"":4},{""cardId"":""11-197"",""count"":4},{""cardId"":""12-104"",""count"":3},{""cardId"":""12-121"",""count"":1},{""cardId"":""12-127"",""count"":3},{""cardId"":""12-178"",""count"":1},{""cardId"":""12-179"",""count"":2},{""cardId"":""12-185"",""count"":3},{""cardId"":""13-109"",""count"":4},{""cardId"":""13-114"",""count"":4},{""cardId"":""13-133"",""count"":1},{""cardId"":""13-134"",""count"":2},{""cardId"":""13-135"",""count"":4},{""cardId"":""13-176"",""count"":3},{""cardId"":""13-183"",""count"":4},{""cardId"":""4-128"",""count"":2},{""cardId"":""4-132"",""count"":2},{""cardId"":""9-109"",""count"":4}]",Bot (Normal),false,true,Amber/Amethyst,01a0972c-4be2-7eb4-9545-1ef0e72badef,01a0972c-4bbb-7ded-8c65-bbd12c7ba846_p1.replay.gz,https://duels.ink/r/01a0972c-4be2-7eb4-9545-1ef0e72badef,01a0972c-4bbb-7ded-8c65-bbd12c7ba846,01a0972c-4bbb-7ded-8c65-bbd12c7ba846.logs.gz,https://duels.ink/g/01a0972c-4bbb-7ded-8c65-bbd12c7ba846
01a09726-7094-777f-9c34-855bf5dd6fe9,,bo1,,bot,,,false,,,2026-09-12T19:44:33.946Z,2026-09-12T19:50:42.316Z,368,8,loss,lore,1,true,9,20,,,,false,,NXjudlPnHhqUtmfVoVIh5j0C0v81fpoh,01a08c1a-2018-7a31-8dd0-bd3de66d85ba,Ruby/Steel,"[{""cardId"":""10-197"",""count"":3},{""cardId"":""11-122"",""count"":2},{""cardId"":""11-174"",""count"":4},{""cardId"":""11-177"",""count"":4},{""cardId"":""11-197"",""count"":4},{""cardId"":""12-104"",""count"":3},{""cardId"":""12-121"",""count"":1},{""cardId"":""12-127"",""count"":3},{""cardId"":""12-178"",""count"":1},{""cardId"":""12-179"",""count"":2},{""cardId"":""12-185"",""count"":3},{""cardId"":""13-109"",""count"":4},{""cardId"":""13-114"",""count"":4},{""cardId"":""13-133"",""count"":1},{""cardId"":""13-134"",""count"":2},{""cardId"":""13-135"",""count"":4},{""cardId"":""13-176"",""count"":3},{""cardId"":""13-183"",""count"":4},{""cardId"":""4-128"",""count"":2},{""cardId"":""4-132"",""count"":2},{""cardId"":""9-109"",""count"":4}]",Bot (Normal),false,true,Amber/Steel,01a09726-7099-7e64-9192-c4321a941de7,01a09726-7094-777f-9c34-855bf5dd6fe9_p1.replay.gz,https://duels.ink/r/01a09726-7099-7e64-9192-c4321a941de7,01a09726-7094-777f-9c34-855bf5dd6fe9,01a09726-7094-777f-9c34-855bf5dd6fe9.logs.gz,https://duels.ink/g/01a09726-7094-777f-9c34-855bf5dd6fe9
01a09335-2352-7408-9bdb-23c9792404c7,,bo1,,matchmaking,core-bo1,Core Set 13 BO1,true,,Core BO1 - Set 13,2026-09-12T01:22:08.354Z,2026-09-12T01:30:54.970Z,527,8,loss,lore,1,true,18,21,886,865,-21,false,,NXjudlPnHhqUtmfVoVIh5j0C0v81fpoh,01a020ec-568f-747d-bbf8-4fc7b95ab143,Amber/Amethyst/Emerald/Ruby/Sapphire/Steel,"[{""cardId"":""10-62"",""count"":2},{""cardId"":""12-162"",""count"":2},{""cardId"":""13-126"",""count"":2},{""cardId"":""13-143"",""count"":3},{""cardId"":""13-154"",""count"":4},{""cardId"":""13-156"",""count"":2},{""cardId"":""13-164"",""count"":4},{""cardId"":""13-174"",""count"":3},{""cardId"":""13-175"",""count"":4},{""cardId"":""13-185"",""count"":3},{""cardId"":""13-23"",""count"":3},{""cardId"":""13-40"",""count"":4},{""cardId"":""13-41"",""count"":2},{""cardId"":""13-42"",""count"":3},{""cardId"":""13-5"",""count"":3},{""cardId"":""13-61"",""count"":1},{""cardId"":""13-62"",""count"":1},{""cardId"":""13-67"",""count"":3},{""cardId"":""13-71"",""count"":1},{""cardId"":""13-78"",""count"":4},{""cardId"":""13-83"",""count"":3},{""cardId"":""2-59"",""count"":3}]",Starkbot,false,false,Amber/Emerald,01a09335-2361-7b9a-a34d-5873bec6630b,01a09335-2352-7408-9bdb-23c9792404c7_p1.replay.gz,https://duels.ink/r/01a09335-2361-7b9a-a34d-5873bec6630b,01a09335-2352-7408-9bdb-23c9792404c7,01a09335-2352-7408-9bdb-23c9792404c7.logs.gz,https://duels.ink/g/01a09335-2352-7408-9bdb-23c9792404c7
01a08bca-df78-7dc0-9f6f-306b7f3881f8,,bo1,,matchmaking,core-bo1,Core Set 13 BO1,true,,Core BO1 - Set 13,2026-09-10T14:48:43.648Z,2026-09-10T14:58:03.598Z,560,11,loss,lore,2,true,7,20,904,886,-18,false,,NXjudlPnHhqUtmfVoVIh5j0C0v81fpoh,01a020ec-568f-747d-bbf8-4fc7b95ab143,Amber/Amethyst/Emerald/Ruby/Sapphire/Steel,"[{""cardId"":""10-62"",""count"":2},{""cardId"":""12-162"",""count"":2},{""cardId"":""13-126"",""count"":2},{""cardId"":""13-143"",""count"":3},{""cardId"":""13-154"",""count"":4},{""cardId"":""13-156"",""count"":2},{""cardId"":""13-164"",""count"":4},{""cardId"":""13-174"",""count"":3},{""cardId"":""13-175"",""count"":4},{""cardId"":""13-185"",""count"":3},{""cardId"":""13-23"",""count"":3},{""cardId"":""13-40"",""count"":4},{""cardId"":""13-41"",""count"":2},{""cardId"":""13-42"",""count"":3},{""cardId"":""13-5"",""count"":3},{""cardId"":""13-61"",""count"":1},{""cardId"":""13-62"",""count"":1},{""cardId"":""13-67"",""count"":3},{""cardId"":""13-71"",""count"":1},{""cardId"":""13-78"",""count"":4},{""cardId"":""13-83"",""count"":3},{""cardId"":""2-59"",""count"":3}]",Marcin Kuciński,false,false,Ruby/Steel,01a08bca-df7e-7489-a2d8-24f1de13d9a6,01a08bca-df78-7dc0-9f6f-306b7f3881f8_p2.replay.gz,https://duels.ink/r/01a08bca-df7e-7489-a2d8-24f1de13d9a6,01a08bca-df78-7dc0-9f6f-306b7f3881f8,01a08bca-df78-7dc0-9f6f-306b7f3881f8.logs.gz,https://duels.ink/g/01a08bca-df78-7dc0-9f6f-306b7f3881f8
01a086c0-25c2-73e1-a0ff-2cf3a9c2a26b,,bo1,,matchmaking,core-bo1,Core Set 13 BO1,true,,Core BO1 - Set 13,2026-09-09T15:18:54.670Z,2026-09-09T15:29:33.615Z,639,7,loss,concede,2,true,10,13,928,904,-24,false,,NXjudlPnHhqUtmfVoVIh5j0C0v81fpoh,01a020ec-568f-747d-bbf8-4fc7b95ab143,Amber/Amethyst/Emerald/Ruby/Sapphire/Steel,"[{""cardId"":""10-62"",""count"":2},{""cardId"":""12-162"",""count"":2},{""cardId"":""13-126"",""count"":2},{""cardId"":""13-143"",""count"":3},{""cardId"":""13-154"",""count"":4},{""cardId"":""13-156"",""count"":2},{""cardId"":""13-164"",""count"":4},{""cardId"":""13-174"",""count"":3},{""cardId"":""13-175"",""count"":4},{""cardId"":""13-185"",""count"":3},{""cardId"":""13-23"",""count"":3},{""cardId"":""13-40"",""count"":4},{""cardId"":""13-41"",""count"":2},{""cardId"":""13-42"",""count"":3},{""cardId"":""13-5"",""count"":3},{""cardId"":""13-61"",""count"":1},{""cardId"":""13-62"",""count"":1},{""cardId"":""13-67"",""count"":3},{""cardId"":""13-71"",""count"":1},{""cardId"":""13-78"",""count"":4},{""cardId"":""13-83"",""count"":3},{""cardId"":""2-59"",""count"":3}]",Lex Enjoy,false,false,Amber/Emerald,01a086c0-25cb-742b-9f30-b4deb38fef6e,01a086c0-25c2-73e1-a0ff-2cf3a9c2a26b_p2.replay.gz,https://duels.ink/r/01a086c0-25cb-742b-9f30-b4deb38fef6e,01a086c0-25c2-73e1-a0ff-2cf3a9c2a26b,01a086c0-25c2-73e1-a0ff-2cf3a9c2a26b.logs.gz,https://duels.ink/g/01a086c0-25c2-73e1-a0ff-2cf3a9c2a26b
01a08180-2bd9-7338-9071-b0ed5972267e,,bo1,,matchmaking,core-bo1,Core Set 13 BO1,true,,Core BO1 - Set 13,2026-09-08T14:50:55.909Z,2026-09-08T14:56:46.013Z,350,5,win,concede,1,true,15,0,900,928,28,false,,NXjudlPnHhqUtmfVoVIh5j0C0v81fpoh,01a020ec-568f-747d-bbf8-4fc7b95ab143,Amber/Amethyst/Emerald/Ruby/Sapphire/Steel,"[{""cardId"":""10-62"",""count"":2},{""cardId"":""12-162"",""count"":2},{""cardId"":""13-126"",""count"":2},{""cardId"":""13-143"",""count"":3},{""cardId"":""13-154"",""count"":4},{""cardId"":""13-156"",""count"":2},{""cardId"":""13-164"",""count"":4},{""cardId"":""13-174"",""count"":3},{""cardId"":""13-175"",""count"":4},{""cardId"":""13-185"",""count"":3},{""cardId"":""13-23"",""count"":3},{""cardId"":""13-40"",""count"":4},{""cardId"":""13-41"",""count"":2},{""cardId"":""13-42"",""count"":3},{""cardId"":""13-5"",""count"":3},{""cardId"":""13-61"",""count"":1},{""cardId"":""13-62"",""count"":1},{""cardId"":""13-67"",""count"":3},{""cardId"":""13-71"",""count"":1},{""cardId"":""13-78"",""count"":4},{""cardId"":""13-83"",""count"":3},{""cardId"":""2-59"",""count"":3}]",Waruntorn,false,false,Ruby/Steel,01a08180-2c23-7d31-aab2-13e57f06a678,01a08180-2bd9-7338-9071-b0ed5972267e_p1.replay.gz,https://duels.ink/r/01a08180-2c23-7d31-aab2-13e57f06a678,01a08180-2bd9-7338-9071-b0ed5972267e,01a08180-2bd9-7338-9071-b0ed5972267e.logs.gz,https://duels.ink/g/01a08180-2bd9-7338-9071-b0ed5972267e
01a08177-b13a-7e71-a134-ae019227cfbf,,bo1,,matchmaking,core-bo1,Core Set 13 BO1,true,,Core BO1 - Set 13,2026-09-08T14:41:40.167Z,2026-09-08T14:45:39.902Z,240,7,win,concede,2,true,16,0,869,900,31,false,,NXjudlPnHhqUtmfVoVIh5j0C0v81fpoh,01a020ec-568f-747d-bbf8-4fc7b95ab143,Amber/Amethyst/Emerald/Ruby/Sapphire/Steel,"[{""cardId"":""10-62"",""count"":2},{""cardId"":""12-162"",""count"":2},{""cardId"":""13-126"",""count"":2},{""cardId"":""13-143"",""count"":3},{""cardId"":""13-154"",""count"":4},{""cardId"":""13-156"",""count"":2},{""cardId"":""13-164"",""count"":4},{""cardId"":""13-174"",""count"":3},{""cardId"":""13-175"",""count"":4},{""cardId"":""13-185"",""count"":3},{""cardId"":""13-23"",""count"":3},{""cardId"":""13-40"",""count"":4},{""cardId"":""13-41"",""count"":2},{""cardId"":""13-42"",""count"":3},{""cardId"":""13-5"",""count"":3},{""cardId"":""13-61"",""count"":1},{""cardId"":""13-62"",""count"":1},{""cardId"":""13-67"",""count"":3},{""cardId"":""13-71"",""count"":1},{""cardId"":""13-78"",""count"":4},{""cardId"":""13-83"",""count"":3},{""cardId"":""2-59"",""count"":3}]",Cochise Monteiro,false,false,Amethyst/Steel,01a08177-b145-78b5-a95c-e8f78f4d42b4,01a08177-b13a-7e71-a134-ae019227cfbf_p2.replay.gz,https://duels.ink/r/01a08177-b145-78b5-a95c-e8f78f4d42b4,01a08177-b13a-7e71-a134-ae019227cfbf,01a08177-b13a-7e71-a134-ae019227cfbf.logs.gz,https://duels.ink/g/01a08177-b13a-7e71-a134-ae019227cfbf
01a07c89-bd27-742a-ad54-8e3d9c601530,,bo1,,matchmaking,core-bo1,Core Set 13 BO1,true,,Core BO1 - Set 13,2026-09-07T15:43:16.800Z,2026-09-07T15:53:51.640Z,635,9,loss,concede,2,false,11,16,902,869,-33,false,,NXjudlPnHhqUtmfVoVIh5j0C0v81fpoh,01a020ec-568f-747d-bbf8-4fc7b95ab143,Amber/Amethyst/Emerald/Ruby/Sapphire/Steel,"[{""cardId"":""10-62"",""count"":2},{""cardId"":""12-162"",""count"":2},{""cardId"":""13-126"",""count"":2},{""cardId"":""13-143"",""count"":3},{""cardId"":""13-154"",""count"":4},{""cardId"":""13-156"",""count"":2},{""cardId"":""13-164"",""count"":4},{""cardId"":""13-174"",""count"":3},{""cardId"":""13-175"",""count"":4},{""cardId"":""13-185"",""count"":3},{""cardId"":""13-23"",""count"":3},{""cardId"":""13-40"",""count"":4},{""cardId"":""13-41"",""count"":2},{""cardId"":""13-42"",""count"":3},{""cardId"":""13-5"",""count"":3},{""cardId"":""13-61"",""count"":1},{""cardId"":""13-62"",""count"":1},{""cardId"":""13-67"",""count"":3},{""cardId"":""13-71"",""count"":1},{""cardId"":""13-78"",""count"":4},{""cardId"":""13-83"",""count"":3},{""cardId"":""2-59"",""count"":3}]",can_Duh_s,false,false,Emerald/Steel,01a07c89-bd3f-7596-8e3a-defd0370e795,01a07c89-bd27-742a-ad54-8e3d9c601530_p2.replay.gz,https://duels.ink/r/01a07c89-bd3f-7596-8e3a-defd0370e795,01a07c89-bd27-742a-ad54-8e3d9c601530,01a07c89-bd27-742a-ad54-8e3d9c601530.logs.gz,https://duels.ink/g/01a07c89-bd27-742a-ad54-8e3d9c601530
01a07c87-e667-7abe-a8b2-57375311a03b,,bo1,,matchmaking,core-bo1,Core Set 13 BO1,true,,Core BO1 - Set 13,2026-09-07T15:41:16.271Z,2026-09-07T15:42:53.035Z,97,1,win,concede,2,false,0,0,858,902,44,false,,NXjudlPnHhqUtmfVoVIh5j0C0v81fpoh,01a020ec-568f-747d-bbf8-4fc7b95ab143,Amber/Amethyst/Emerald/Ruby/Sapphire/Steel,"[{""cardId"":""10-62"",""count"":2},{""cardId"":""12-162"",""count"":2},{""cardId"":""13-126"",""count"":2},{""cardId"":""13-143"",""count"":3},{""cardId"":""13-154"",""count"":4},{""cardId"":""13-156"",""count"":2},{""cardId"":""13-164"",""count"":4},{""cardId"":""13-174"",""count"":3},{""cardId"":""13-175"",""count"":4},{""cardId"":""13-185"",""count"":3},{""cardId"":""13-23"",""count"":3},{""cardId"":""13-40"",""count"":4},{""cardId"":""13-41"",""count"":2},{""cardId"":""13-42"",""count"":3},{""cardId"":""13-5"",""count"":3},{""cardId"":""13-61"",""count"":1},{""cardId"":""13-62"",""count"":1},{""cardId"":""13-67"",""count"":3},{""cardId"":""13-71"",""count"":1},{""cardId"":""13-78"",""count"":4},{""cardId"":""13-83"",""count"":3},{""cardId"":""2-59"",""count"":3}]",Mel Capielo,false,false,Ruby/Sapphire,01a07c87-e66f-7e51-b95b-419858151096,01a07c87-e667-7abe-a8b2-57375311a03b_p2.replay.gz,https://duels.ink/r/01a07c87-e66f-7e51-b95b-419858151096,01a07c87-e667-7abe-a8b2-57375311a03b,01a07c87-e667-7abe-a8b2-57375311a03b.logs.gz,https://duels.ink/g/01a07c87-e667-7abe-a8b2-57375311a03b
01a07c7a-add6-74ff-97b1-ab8a8278acaf,,bo1,,matchmaking,core-bo1,Core Set 13 BO1,true,,Core BO1 - Set 13,2026-09-07T15:26:49.824Z,2026-09-07T15:33:21.751Z,392,8,win,lore,2,false,20,7,817,858,41,false,,NXjudlPnHhqUtmfVoVIh5j0C0v81fpoh,01a020ec-568f-747d-bbf8-4fc7b95ab143,Amber/Amethyst/Emerald/Ruby/Sapphire/Steel,"[{""cardId"":""10-62"",""count"":2},{""cardId"":""12-162"",""count"":2},{""cardId"":""13-126"",""count"":2},{""cardId"":""13-143"",""count"":3},{""cardId"":""13-154"",""count"":4},{""cardId"":""13-156"",""count"":2},{""cardId"":""13-164"",""count"":4},{""cardId"":""13-174"",""count"":3},{""cardId"":""13-175"",""count"":4},{""cardId"":""13-185"",""count"":3},{""cardId"":""13-23"",""count"":3},{""cardId"":""13-40"",""count"":4},{""cardId"":""13-41"",""count"":2},{""cardId"":""13-42"",""count"":3},{""cardId"":""13-5"",""count"":3},{""cardId"":""13-61"",""count"":1},{""cardId"":""13-62"",""count"":1},{""cardId"":""13-67"",""count"":3},{""cardId"":""13-71"",""count"":1},{""cardId"":""13-78"",""count"":4},{""cardId"":""13-83"",""count"":3},{""cardId"":""2-59"",""count"":3}]",Mijagen,false,false,Amber/Emerald,01a07c7a-addf-72cb-afb3-27e9affb0219,01a07c7a-add6-74ff-97b1-ab8a8278acaf_p2.replay.gz,https://duels.ink/r/01a07c7a-addf-72cb-afb3-27e9affb0219,01a07c7a-add6-74ff-97b1-ab8a8278acaf,01a07c7a-add6-74ff-97b1-ab8a8278acaf.logs.gz,https://duels.ink/g/01a07c7a-add6-74ff-97b1-ab8a8278acaf
01a07c71-ee51-708e-a55b-bd89e2651852,,bo1,,matchmaking,core-bo1,Core Set 13 BO1,true,,Core BO1 - Set 13,2026-09-07T15:17:16.512Z,2026-09-07T15:26:22.330Z,546,7,win,lore,2,true,21,3,786,817,31,false,,NXjudlPnHhqUtmfVoVIh5j0C0v81fpoh,01a020ec-568f-747d-bbf8-4fc7b95ab143,Amber/Amethyst/Emerald/Ruby/Sapphire/Steel,"[{""cardId"":""10-62"",""count"":2},{""cardId"":""12-162"",""count"":2},{""cardId"":""13-126"",""count"":2},{""cardId"":""13-143"",""count"":3},{""cardId"":""13-154"",""count"":4},{""cardId"":""13-156"",""count"":2},{""cardId"":""13-164"",""count"":4},{""cardId"":""13-174"",""count"":3},{""cardId"":""13-175"",""count"":4},{""cardId"":""13-185"",""count"":3},{""cardId"":""13-23"",""count"":3},{""cardId"":""13-40"",""count"":4},{""cardId"":""13-41"",""count"":2},{""cardId"":""13-42"",""count"":3},{""cardId"":""13-5"",""count"":3},{""cardId"":""13-61"",""count"":1},{""cardId"":""13-62"",""count"":1},{""cardId"":""13-67"",""count"":3},{""cardId"":""13-71"",""count"":1},{""cardId"":""13-78"",""count"":4},{""cardId"":""13-83"",""count"":3},{""cardId"":""2-59"",""count"":3}]",Polarysz,false,false,Amethyst/Steel,01a07c71-ee5f-79bb-9e40-2598410c71eb,01a07c71-ee51-708e-a55b-bd89e2651852_p2.replay.gz,https://duels.ink/r/01a07c71-ee5f-79bb-9e40-2598410c71eb,01a07c71-ee51-708e-a55b-bd89e2651852,01a07c71-ee51-708e-a55b-bd89e2651852.logs.gz,https://duels.ink/g/01a07c71-ee51-708e-a55b-bd89e2651852
01a07c58-2504-78a8-b91d-5e3157d5b913,,bo1,,matchmaking,core-bo1,Core Set 13 BO1,true,,Core BO1 - Set 13,2026-09-07T14:49:06.576Z,2026-09-07T14:57:54.428Z,528,9,loss,concede,1,false,9,17,793,786,-7,false,,NXjudlPnHhqUtmfVoVIh5j0C0v81fpoh,01a020ec-568f-747d-bbf8-4fc7b95ab143,Amber/Amethyst/Emerald/Ruby/Sapphire/Steel,"[{""cardId"":""10-62"",""count"":2},{""cardId"":""12-162"",""count"":2},{""cardId"":""13-126"",""count"":2},{""cardId"":""13-143"",""count"":3},{""cardId"":""13-154"",""count"":4},{""cardId"":""13-156"",""count"":2},{""cardId"":""13-164"",""count"":4},{""cardId"":""13-174"",""count"":3},{""cardId"":""13-175"",""count"":4},{""cardId"":""13-185"",""count"":3},{""cardId"":""13-23"",""count"":3},{""cardId"":""13-40"",""count"":4},{""cardId"":""13-41"",""count"":2},{""cardId"":""13-42"",""count"":3},{""cardId"":""13-5"",""count"":3},{""cardId"":""13-61"",""count"":1},{""cardId"":""13-62"",""count"":1},{""cardId"":""13-67"",""count"":3},{""cardId"":""13-71"",""count"":1},{""cardId"":""13-78"",""count"":4},{""cardId"":""13-83"",""count"":3},{""cardId"":""2-59"",""count"":3}]",KSI - Zaickz,false,false,Amethyst/Steel,01a07c58-2510-7831-9492-3806f1c3b0dc,01a07c58-2504-78a8-b91d-5e3157d5b913_p1.replay.gz,https://duels.ink/r/01a07c58-2510-7831-9492-3806f1c3b0dc,01a07c58-2504-78a8-b91d-5e3157d5b913,01a07c58-2504-78a8-b91d-5e3157d5b913.logs.gz,https://duels.ink/g/01a07c58-2504-78a8-b91d-5e3157d5b913
01a078b1-428e-7167-a617-ffaf9bbf7e65,,bo1,,bot,,,false,,,2026-09-06T21:47:57.974Z,2026-09-06T22:10:08.959Z,1331,6,abandoned,abandoned,1,true,13,1,,,,false,,NXjudlPnHhqUtmfVoVIh5j0C0v81fpoh,01a01646-e86d-709f-a6bd-c60e8ab3364a,Amber/Emerald,"[{""cardId"":""10-19"",""count"":2},{""cardId"":""11-1"",""count"":3},{""cardId"":""11-11"",""count"":2},{""cardId"":""11-13"",""count"":4},{""cardId"":""11-20"",""count"":4},{""cardId"":""11-9"",""count"":4},{""cardId"":""12-22"",""count"":4},{""cardId"":""12-26"",""count"":2},{""cardId"":""12-86"",""count"":4},{""cardId"":""12-90"",""count"":4},{""cardId"":""13-12"",""count"":4},{""cardId"":""13-18"",""count"":4},{""cardId"":""2-27"",""count"":3},{""cardId"":""3-18"",""count"":4},{""cardId"":""3-90"",""count"":4},{""cardId"":""9-6"",""count"":4},{""cardId"":""9-78"",""count"":4}]",Bot (Normal),false,true,Amber/Emerald,,,,01a078b1-428e-7167-a617-ffaf9bbf7e65,01a078b1-428e-7167-a617-ffaf9bbf7e65.logs.gz,https://duels.ink/g/01a078b1-428e-7167-a617-ffaf9bbf7e65
01a078a5-4386-7d27-97f3-316899652fb9,,bo1,,bot,,,false,,,2026-09-06T21:34:51.798Z,2026-09-06T21:47:22.044Z,750,14,win,lore,1,true,20,18,,,,false,,NXjudlPnHhqUtmfVoVIh5j0C0v81fpoh,01a01646-e86d-709f-a6bd-c60e8ab3364a,Amber/Emerald,"[{""cardId"":""10-19"",""count"":2},{""cardId"":""11-1"",""count"":3},{""cardId"":""11-11"",""count"":2},{""cardId"":""11-13"",""count"":4},{""cardId"":""11-20"",""count"":4},{""cardId"":""11-9"",""count"":4},{""cardId"":""12-22"",""count"":4},{""cardId"":""12-26"",""count"":2},{""cardId"":""12-86"",""count"":4},{""cardId"":""12-90"",""count"":4},{""cardId"":""13-12"",""count"":4},{""cardId"":""13-18"",""count"":4},{""cardId"":""2-27"",""count"":3},{""cardId"":""3-18"",""count"":4},{""cardId"":""3-90"",""count"":4},{""cardId"":""9-6"",""count"":4},{""cardId"":""9-78"",""count"":4}]",Bot (Normal),false,true,Amethyst/Ruby,01a078a5-4395-75ae-a052-07d766911c12,01a078a5-4386-7d27-97f3-316899652fb9_p1.replay.gz,https://duels.ink/r/01a078a5-4395-75ae-a052-07d766911c12,01a078a5-4386-7d27-97f3-316899652fb9,01a078a5-4386-7d27-97f3-316899652fb9.logs.gz,https://duels.ink/g/01a078a5-4386-7d27-97f3-316899652fb9
01a07896-5e69-7502-83c4-27d3aaf58339,,bo1,,bot,,,false,,,2026-09-06T21:18:35.633Z,2026-09-06T21:34:15.215Z,940,10,loss,concede,1,true,6,16,,,,false,,NXjudlPnHhqUtmfVoVIh5j0C0v81fpoh,01a01b94-18d0-7ff1-a029-db8c67d00b3a,Amber/Amethyst/Emerald/Ruby/Sapphire/Steel,"[{""cardId"":""10-62"",""count"":2},{""cardId"":""12-148"",""count"":3},{""cardId"":""12-162"",""count"":2},{""cardId"":""13-126"",""count"":2},{""cardId"":""13-154"",""count"":4},{""cardId"":""13-156"",""count"":2},{""cardId"":""13-164"",""count"":4},{""cardId"":""13-174"",""count"":4},{""cardId"":""13-175"",""count"":3},{""cardId"":""13-185"",""count"":2},{""cardId"":""13-23"",""count"":3},{""cardId"":""13-40"",""count"":4},{""cardId"":""13-42"",""count"":4},{""cardId"":""13-5"",""count"":4},{""cardId"":""13-61"",""count"":1},{""cardId"":""13-62"",""count"":1},{""cardId"":""13-67"",""count"":3},{""cardId"":""13-71"",""count"":2},{""cardId"":""13-78"",""count"":4},{""cardId"":""13-83"",""count"":3},{""cardId"":""2-59"",""count"":3}]",Bot (Normal),false,true,Amethyst/Ruby,01a07896-5e70-774f-9986-6f56cff35fd1,01a07896-5e69-7502-83c4-27d3aaf58339_p1.replay.gz,https://duels.ink/r/01a07896-5e70-774f-9986-6f56cff35fd1,01a07896-5e69-7502-83c4-27d3aaf58339,01a07896-5e69-7502-83c4-27d3aaf58339.logs.gz,https://duels.ink/g/01a07896-5e69-7502-83c4-27d3aaf58339
01a077e5-6c10-7dca-b65a-6f7ec554a8d2,,bo1,,bot,,,false,,,2026-09-06T18:05:19.273Z,2026-09-06T18:16:08.259Z,649,10,loss,lore,1,true,7,20,,,,false,,NXjudlPnHhqUtmfVoVIh5j0C0v81fpoh,01a020ec-568f-747d-bbf8-4fc7b95ab143,Amber/Amethyst/Emerald/Ruby/Sapphire/Steel,"[{""cardId"":""10-62"",""count"":2},{""cardId"":""12-162"",""count"":2},{""cardId"":""13-126"",""count"":2},{""cardId"":""13-143"",""count"":3},{""cardId"":""13-154"",""count"":4},{""cardId"":""13-156"",""count"":2},{""cardId"":""13-164"",""count"":4},{""cardId"":""13-174"",""count"":3},{""cardId"":""13-175"",""count"":4},{""cardId"":""13-185"",""count"":3},{""cardId"":""13-23"",""count"":3},{""cardId"":""13-40"",""count"":4},{""cardId"":""13-41"",""count"":2},{""cardId"":""13-42"",""count"":3},{""cardId"":""13-5"",""count"":3},{""cardId"":""13-61"",""count"":1},{""cardId"":""13-62"",""count"":1},{""cardId"":""13-67"",""count"":3},{""cardId"":""13-71"",""count"":1},{""cardId"":""13-78"",""count"":4},{""cardId"":""13-83"",""count"":3},{""cardId"":""2-59"",""count"":3}]",Bot (Normal),false,true,Amber/Amethyst,01a077e5-6c28-775e-9a3e-fc8b5f0e6ed2,01a077e5-6c10-7dca-b65a-6f7ec554a8d2_p1.replay.gz,https://duels.ink/r/01a077e5-6c28-775e-9a3e-fc8b5f0e6ed2,01a077e5-6c10-7dca-b65a-6f7ec554a8d2,01a077e5-6c10-7dca-b65a-6f7ec554a8d2.logs.gz,https://duels.ink/g/01a077e5-6c10-7dca-b65a-6f7ec554a8d2
01a077d9-aceb-78f4-a32b-ece011e662a3,,bo1,,bot,,,false,,,2026-09-06T17:52:29.424Z,2026-09-06T17:59:43.417Z,434,9,loss,lore,1,true,15,20,,,,false,,NXjudlPnHhqUtmfVoVIh5j0C0v81fpoh,01a01b94-18d0-7ff1-a029-db8c67d00b3a,Amber/Amethyst/Emerald/Ruby/Sapphire/Steel,"[{""cardId"":""10-62"",""count"":2},{""cardId"":""12-148"",""count"":3},{""cardId"":""12-162"",""count"":2},{""cardId"":""13-126"",""count"":2},{""cardId"":""13-154"",""count"":4},{""cardId"":""13-156"",""count"":2},{""cardId"":""13-164"",""count"":4},{""cardId"":""13-174"",""count"":4},{""cardId"":""13-175"",""count"":3},{""cardId"":""13-185"",""count"":2},{""cardId"":""13-23"",""count"":3},{""cardId"":""13-40"",""count"":4},{""cardId"":""13-42"",""count"":4},{""cardId"":""13-5"",""count"":4},{""cardId"":""13-61"",""count"":1},{""cardId"":""13-62"",""count"":1},{""cardId"":""13-67"",""count"":3},{""cardId"":""13-71"",""count"":2},{""cardId"":""13-78"",""count"":4},{""cardId"":""13-83"",""count"":3},{""cardId"":""2-59"",""count"":3}]",Bot (Normal),false,true,Amethyst/Ruby,01a077d9-acef-7e2d-957e-ccc9e2429e36,01a077d9-aceb-78f4-a32b-ece011e662a3_p1.replay.gz,https://duels.ink/r/01a077d9-acef-7e2d-957e-ccc9e2429e36,01a077d9-aceb-78f4-a32b-ece011e662a3,01a077d9-aceb-78f4-a32b-ece011e662a3.logs.gz,https://duels.ink/g/01a077d9-aceb-78f4-a32b-ece011e662a3
01a077c7-e540-72c3-9f8f-096ad9571c99,,bo1,,bot,,,false,,,2026-09-06T17:33:04.197Z,2026-09-06T17:42:51.600Z,587,10,loss,lore,1,true,3,20,,,,false,,NXjudlPnHhqUtmfVoVIh5j0C0v81fpoh,01a01b94-18d0-7ff1-a029-db8c67d00b3a,Amber/Amethyst/Emerald/Ruby/Sapphire/Steel,"[{""cardId"":""10-62"",""count"":2},{""cardId"":""12-148"",""count"":3},{""cardId"":""12-162"",""count"":2},{""cardId"":""13-126"",""count"":2},{""cardId"":""13-154"",""count"":4},{""cardId"":""13-156"",""count"":2},{""cardId"":""13-164"",""count"":4},{""cardId"":""13-174"",""count"":4},{""cardId"":""13-175"",""count"":3},{""cardId"":""13-185"",""count"":2},{""cardId"":""13-23"",""count"":3},{""cardId"":""13-40"",""count"":4},{""cardId"":""13-42"",""count"":4},{""cardId"":""13-5"",""count"":4},{""cardId"":""13-61"",""count"":1},{""cardId"":""13-62"",""count"":1},{""cardId"":""13-67"",""count"":3},{""cardId"":""13-71"",""count"":2},{""cardId"":""13-78"",""count"":4},{""cardId"":""13-83"",""count"":3},{""cardId"":""2-59"",""count"":3}]",Bot (Normal),false,true,Amber/Amethyst,01a077c7-e544-74b8-8f59-e17d6c6b728c,01a077c7-e540-72c3-9f8f-096ad9571c99_p1.replay.gz,https://duels.ink/r/01a077c7-e544-74b8-8f59-e17d6c6b728c,01a077c7-e540-72c3-9f8f-096ad9571c99,01a077c7-e540-72c3-9f8f-096ad9571c99.logs.gz,https://duels.ink/g/01a077c7-e540-72c3-9f8f-096ad9571c99
01a07750-a63c-7308-9b8b-c0133404b168,,bo1,,bot,,,false,,,2026-09-06T15:22:49.281Z,2026-09-06T15:29:04.121Z,375,9,loss,lore,1,true,15,20,,,,false,,NXjudlPnHhqUtmfVoVIh5j0C0v81fpoh,01a020ec-568f-747d-bbf8-4fc7b95ab143,Amber/Amethyst/Emerald/Ruby/Sapphire/Steel,"[{""cardId"":""10-62"",""count"":2},{""cardId"":""12-148"",""count"":3},{""cardId"":""12-150"",""count"":1},{""cardId"":""12-162"",""count"":2},{""cardId"":""13-126"",""count"":1},{""cardId"":""13-143"",""count"":3},{""cardId"":""13-154"",""count"":4},{""cardId"":""13-156"",""count"":2},{""cardId"":""13-164"",""count"":4},{""cardId"":""13-174"",""count"":3},{""cardId"":""13-175"",""count"":4},{""cardId"":""13-185"",""count"":2},{""cardId"":""13-23"",""count"":3},{""cardId"":""13-40"",""count"":4},{""cardId"":""13-41"",""count"":2},{""cardId"":""13-42"",""count"":3},{""cardId"":""13-5"",""count"":1},{""cardId"":""13-61"",""count"":1},{""cardId"":""13-62"",""count"":1},{""cardId"":""13-67"",""count"":3},{""cardId"":""13-71"",""count"":1},{""cardId"":""13-78"",""count"":4},{""cardId"":""13-83"",""count"":3},{""cardId"":""2-59"",""count"":3}]",Bot (Normal),false,true,Amber/Amethyst,01a07750-a641-7738-8445-8ea5acd75158,01a07750-a63c-7308-9b8b-c0133404b168_p1.replay.gz,https://duels.ink/r/01a07750-a641-7738-8445-8ea5acd75158,01a07750-a63c-7308-9b8b-c0133404b168,01a07750-a63c-7308-9b8b-c0133404b168.logs.gz,https://duels.ink/g/01a07750-a63c-7308-9b8b-c0133404b168
01a0774b-9a95-79ce-ab58-198c5ecacab5,,bo1,,bot,,,false,,,2026-09-06T15:17:18.619Z,2026-09-06T15:21:34.999Z,256,8,loss,lore,1,true,18,21,,,,false,,NXjudlPnHhqUtmfVoVIh5j0C0v81fpoh,01a020ec-568f-747d-bbf8-4fc7b95ab143,Amber/Amethyst/Emerald/Ruby/Sapphire/Steel,"[{""cardId"":""10-62"",""count"":2},{""cardId"":""12-148"",""count"":3},{""cardId"":""12-150"",""count"":1},{""cardId"":""12-162"",""count"":2},{""cardId"":""13-126"",""count"":1},{""cardId"":""13-143"",""count"":3},{""cardId"":""13-154"",""count"":4},{""cardId"":""13-156"",""count"":2},{""cardId"":""13-164"",""count"":4},{""cardId"":""13-174"",""count"":3},{""cardId"":""13-175"",""count"":4},{""cardId"":""13-185"",""count"":2},{""cardId"":""13-23"",""count"":3},{""cardId"":""13-40"",""count"":4},{""cardId"":""13-41"",""count"":2},{""cardId"":""13-42"",""count"":3},{""cardId"":""13-5"",""count"":1},{""cardId"":""13-61"",""count"":1},{""cardId"":""13-62"",""count"":1},{""cardId"":""13-67"",""count"":3},{""cardId"":""13-71"",""count"":1},{""cardId"":""13-78"",""count"":4},{""cardId"":""13-83"",""count"":3},{""cardId"":""2-59"",""count"":3}]",Bot (Normal),false,true,Amber/Steel,01a0774b-9a9b-70b9-b6a6-bfa60c60e986,01a0774b-9a95-79ce-ab58-198c5ecacab5_p1.replay.gz,https://duels.ink/r/01a0774b-9a9b-70b9-b6a6-bfa60c60e986,01a0774b-9a95-79ce-ab58-198c5ecacab5,01a0774b-9a95-79ce-ab58-198c5ecacab5.logs.gz,https://duels.ink/g/01a0774b-9a95-79ce-ab58-198c5ecacab5
01a07747-4db6-7c74-9b42-ea71981500ca,,bo1,,bot,,,false,,,2026-09-06T15:12:36.795Z,2026-09-06T15:17:07.106Z,270,6,win,lore,1,true,20,0,,,,false,,NXjudlPnHhqUtmfVoVIh5j0C0v81fpoh,01a020ec-568f-747d-bbf8-4fc7b95ab143,Amber/Amethyst/Emerald/Ruby/Sapphire/Steel,"[{""cardId"":""10-62"",""count"":2},{""cardId"":""12-148"",""count"":3},{""cardId"":""12-150"",""count"":1},{""cardId"":""12-162"",""count"":2},{""cardId"":""13-126"",""count"":1},{""cardId"":""13-143"",""count"":3},{""cardId"":""13-154"",""count"":4},{""cardId"":""13-156"",""count"":2},{""cardId"":""13-164"",""count"":4},{""cardId"":""13-174"",""count"":3},{""cardId"":""13-175"",""count"":4},{""cardId"":""13-185"",""count"":2},{""cardId"":""13-23"",""count"":3},{""cardId"":""13-40"",""count"":4},{""cardId"":""13-41"",""count"":2},{""cardId"":""13-42"",""count"":3},{""cardId"":""13-5"",""count"":1},{""cardId"":""13-61"",""count"":1},{""cardId"":""13-62"",""count"":1},{""cardId"":""13-67"",""count"":3},{""cardId"":""13-71"",""count"":1},{""cardId"":""13-78"",""count"":4},{""cardId"":""13-83"",""count"":3},{""cardId"":""2-59"",""count"":3}]",Bot (Normal),false,true,Amber/Steel,01a07747-4dba-77a5-bf8b-6b3fbb0e2305,01a07747-4db6-7c74-9b42-ea71981500ca_p1.replay.gz,https://duels.ink/r/01a07747-4dba-77a5-bf8b-6b3fbb0e2305,01a07747-4db6-7c74-9b42-ea71981500ca,01a07747-4db6-7c74-9b42-ea71981500ca.logs.gz,https://duels.ink/g/01a07747-4db6-7c74-9b42-ea71981500ca
01a07742-1e97-7754-b52d-5379bcdb86a7,,bo1,,bot,,,false,,,2026-09-06T15:06:57.096Z,2026-09-06T15:12:32.754Z,336,7,loss,lore,1,true,18,21,,,,false,,NXjudlPnHhqUtmfVoVIh5j0C0v81fpoh,01a020ec-568f-747d-bbf8-4fc7b95ab143,Amber/Amethyst/Emerald/Ruby/Sapphire/Steel,"[{""cardId"":""10-62"",""count"":2},{""cardId"":""12-148"",""count"":3},{""cardId"":""12-150"",""count"":1},{""cardId"":""12-162"",""count"":2},{""cardId"":""13-126"",""count"":1},{""cardId"":""13-143"",""count"":3},{""cardId"":""13-154"",""count"":4},{""cardId"":""13-156"",""count"":2},{""cardId"":""13-164"",""count"":4},{""cardId"":""13-174"",""count"":3},{""cardId"":""13-175"",""count"":4},{""cardId"":""13-185"",""count"":2},{""cardId"":""13-23"",""count"":3},{""cardId"":""13-40"",""count"":4},{""cardId"":""13-41"",""count"":2},{""cardId"":""13-42"",""count"":3},{""cardId"":""13-5"",""count"":1},{""cardId"":""13-61"",""count"":1},{""cardId"":""13-62"",""count"":1},{""cardId"":""13-67"",""count"":3},{""cardId"":""13-71"",""count"":1},{""cardId"":""13-78"",""count"":4},{""cardId"":""13-83"",""count"":3},{""cardId"":""2-59"",""count"":3}]",Bot (Normal),false,true,Amber/Steel,01a07742-1ec3-753a-bee4-eb13fd49b271,01a07742-1e97-7754-b52d-5379bcdb86a7_p1.replay.gz,https://duels.ink/r/01a07742-1ec3-753a-bee4-eb13fd49b271,01a07742-1e97-7754-b52d-5379bcdb86a7,01a07742-1e97-7754-b52d-5379bcdb86a7.logs.gz,https://duels.ink/g/01a07742-1e97-7754-b52d-5379bcdb86a7
01a0773c-0ff0-7636-aabb-45e83b2f9b4f,,bo1,,bot,,,false,,,2026-09-06T15:00:20.090Z,2026-09-06T15:06:52.522Z,392,8,loss,lore,1,true,8,20,,,,false,,NXjudlPnHhqUtmfVoVIh5j0C0v81fpoh,01a020ec-568f-747d-bbf8-4fc7b95ab143,Amber/Amethyst/Emerald/Ruby/Sapphire/Steel,"[{""cardId"":""10-62"",""count"":2},{""cardId"":""12-148"",""count"":3},{""cardId"":""12-150"",""count"":1},{""cardId"":""12-162"",""count"":2},{""cardId"":""13-126"",""count"":1},{""cardId"":""13-143"",""count"":3},{""cardId"":""13-154"",""count"":4},{""cardId"":""13-156"",""count"":2},{""cardId"":""13-164"",""count"":4},{""cardId"":""13-174"",""count"":3},{""cardId"":""13-175"",""count"":4},{""cardId"":""13-185"",""count"":2},{""cardId"":""13-23"",""count"":3},{""cardId"":""13-40"",""count"":4},{""cardId"":""13-41"",""count"":2},{""cardId"":""13-42"",""count"":3},{""cardId"":""13-5"",""count"":1},{""cardId"":""13-61"",""count"":1},{""cardId"":""13-62"",""count"":1},{""cardId"":""13-67"",""count"":3},{""cardId"":""13-71"",""count"":1},{""cardId"":""13-78"",""count"":4},{""cardId"":""13-83"",""count"":3},{""cardId"":""2-59"",""count"":3}]",Bot (Normal),false,true,Amber/Steel,01a0773c-0ff9-787e-9ffa-8a482261d70d,01a0773c-0ff0-7636-aabb-45e83b2f9b4f_p1.replay.gz,https://duels.ink/r/01a0773c-0ff9-787e-9ffa-8a482261d70d,01a0773c-0ff0-7636-aabb-45e83b2f9b4f,01a0773c-0ff0-7636-aabb-45e83b2f9b4f.logs.gz,https://duels.ink/g/01a0773c-0ff0-7636-aabb-45e83b2f9b4f
01a0727a-f0f0-7f9f-abe2-b919a335a457,,bo1,,bot,,,false,,,2026-09-05T16:50:54.839Z,2026-09-05T17:02:12.809Z,678,12,loss,concede,1,true,4,18,,,,false,,NXjudlPnHhqUtmfVoVIh5j0C0v81fpoh,01a020ec-568f-747d-bbf8-4fc7b95ab143,Amber/Amethyst/Emerald/Ruby/Sapphire/Steel,"[{""cardId"":""10-62"",""count"":2},{""cardId"":""12-148"",""count"":3},{""cardId"":""12-150"",""count"":1},{""cardId"":""12-162"",""count"":2},{""cardId"":""13-126"",""count"":1},{""cardId"":""13-143"",""count"":3},{""cardId"":""13-154"",""count"":4},{""cardId"":""13-156"",""count"":2},{""cardId"":""13-164"",""count"":4},{""cardId"":""13-174"",""count"":3},{""cardId"":""13-175"",""count"":4},{""cardId"":""13-185"",""count"":2},{""cardId"":""13-23"",""count"":3},{""cardId"":""13-40"",""count"":4},{""cardId"":""13-41"",""count"":2},{""cardId"":""13-42"",""count"":3},{""cardId"":""13-5"",""count"":1},{""cardId"":""13-61"",""count"":1},{""cardId"":""13-62"",""count"":1},{""cardId"":""13-67"",""count"":3},{""cardId"":""13-71"",""count"":1},{""cardId"":""13-78"",""count"":4},{""cardId"":""13-83"",""count"":3},{""cardId"":""2-59"",""count"":3}]",Bot (Normal),false,true,Amber/Amethyst,01a0727a-f0f6-7a56-81ba-3c0224bd80d9,01a0727a-f0f0-7f9f-abe2-b919a335a457_p1.replay.gz,https://duels.ink/r/01a0727a-f0f6-7a56-81ba-3c0224bd80d9,01a0727a-f0f0-7f9f-abe2-b919a335a457,01a0727a-f0f0-7f9f-abe2-b919a335a457.logs.gz,https://duels.ink/g/01a0727a-f0f0-7f9f-abe2-b919a335a457
01a06ea4-1a94-7e9a-94de-3a808109ba6d,,bo1,,bot,,,false,,,2026-09-04T22:57:23.613Z,2026-09-04T23:07:39.305Z,616,14,win,lore,1,true,21,13,,,,false,,NXjudlPnHhqUtmfVoVIh5j0C0v81fpoh,01a06e03-8437-79de-969a-3029994b0d8a,Ruby/Steel,"[{""cardId"":""10-193"",""count"":3},{""cardId"":""11-108"",""count"":3},{""cardId"":""11-174"",""count"":3},{""cardId"":""12-104"",""count"":3},{""cardId"":""12-127"",""count"":4},{""cardId"":""12-133"",""count"":4},{""cardId"":""12-179"",""count"":2},{""cardId"":""13-121"",""count"":2},{""cardId"":""13-127"",""count"":3},{""cardId"":""13-130"",""count"":3},{""cardId"":""13-134"",""count"":2},{""cardId"":""13-135"",""count"":2},{""cardId"":""13-176"",""count"":3},{""cardId"":""13-177"",""count"":2},{""cardId"":""13-182"",""count"":2},{""cardId"":""13-183"",""count"":4},{""cardId"":""13-186"",""count"":3},{""cardId"":""13-189"",""count"":3},{""cardId"":""13-192"",""count"":2},{""cardId"":""13-199"",""count"":2},{""cardId"":""4-182"",""count"":3},{""cardId"":""9-178"",""count"":2}]",Bot (Normal),false,true,Amber/Sapphire,01a06ea4-1a9c-71b5-9c1d-cf640bc31204,01a06ea4-1a94-7e9a-94de-3a808109ba6d_p1.replay.gz,https://duels.ink/r/01a06ea4-1a9c-71b5-9c1d-cf640bc31204,01a06ea4-1a94-7e9a-94de-3a808109ba6d,01a06ea4-1a94-7e9a-94de-3a808109ba6d.logs.gz,https://duels.ink/g/01a06ea4-1a94-7e9a-94de-3a808109ba6d
01a06e5d-ef9c-79f9-a4e7-95038a53303b,,bo1,,bot,,,false,,,2026-09-04T21:40:45.093Z,2026-09-04T21:53:36.429Z,771,11,loss,lore,1,true,8,20,,,,false,,NXjudlPnHhqUtmfVoVIh5j0C0v81fpoh,01a06e03-8437-79de-969a-3029994b0d8a,Ruby/Steel,"[{""cardId"":""10-193"",""count"":3},{""cardId"":""11-108"",""count"":3},{""cardId"":""11-174"",""count"":3},{""cardId"":""12-104"",""count"":3},{""cardId"":""12-127"",""count"":4},{""cardId"":""12-133"",""count"":4},{""cardId"":""12-179"",""count"":2},{""cardId"":""13-121"",""count"":2},{""cardId"":""13-127"",""count"":3},{""cardId"":""13-130"",""count"":3},{""cardId"":""13-134"",""count"":2},{""cardId"":""13-135"",""count"":2},{""cardId"":""13-176"",""count"":3},{""cardId"":""13-177"",""count"":2},{""cardId"":""13-182"",""count"":2},{""cardId"":""13-183"",""count"":4},{""cardId"":""13-186"",""count"":3},{""cardId"":""13-189"",""count"":3},{""cardId"":""13-192"",""count"":2},{""cardId"":""13-199"",""count"":2},{""cardId"":""4-182"",""count"":3},{""cardId"":""9-178"",""count"":2}]",Bot (Normal),false,true,Amethyst/Ruby,01a06e5d-efa4-75c8-a439-e5ebb42d5684,01a06e5d-ef9c-79f9-a4e7-95038a53303b_p1.replay.gz,https://duels.ink/r/01a06e5d-efa4-75c8-a439-e5ebb42d5684,01a06e5d-ef9c-79f9-a4e7-95038a53303b,01a06e5d-ef9c-79f9-a4e7-95038a53303b.logs.gz,https://duels.ink/g/01a06e5d-ef9c-79f9-a4e7-95038a53303b
01a06e03-e3a5-7a0a-bd2f-c098e9c0bbc3,,bo1,,bot,,,false,,,2026-09-04T20:02:23.787Z,2026-09-04T20:25:14.908Z,1371,17,loss,lore,1,true,5,20,,,,false,,NXjudlPnHhqUtmfVoVIh5j0C0v81fpoh,01a06e03-8437-79de-969a-3029994b0d8a,Ruby/Steel,"[{""cardId"":""10-193"",""count"":3},{""cardId"":""11-108"",""count"":3},{""cardId"":""11-174"",""count"":3},{""cardId"":""12-104"",""count"":3},{""cardId"":""12-127"",""count"":4},{""cardId"":""12-133"",""count"":4},{""cardId"":""12-179"",""count"":2},{""cardId"":""13-121"",""count"":2},{""cardId"":""13-127"",""count"":3},{""cardId"":""13-130"",""count"":3},{""cardId"":""13-134"",""count"":2},{""cardId"":""13-135"",""count"":2},{""cardId"":""13-176"",""count"":3},{""cardId"":""13-177"",""count"":2},{""cardId"":""13-182"",""count"":2},{""cardId"":""13-183"",""count"":4},{""cardId"":""13-186"",""count"":3},{""cardId"":""13-189"",""count"":3},{""cardId"":""13-192"",""count"":2},{""cardId"":""13-199"",""count"":2},{""cardId"":""4-182"",""count"":3},{""cardId"":""9-178"",""count"":2}]",Bot (Normal),false,true,Amethyst/Ruby,01a06e03-e3aa-79a7-92d5-7a27fcdb24ea,01a06e03-e3a5-7a0a-bd2f-c098e9c0bbc3_p1.replay.gz,https://duels.ink/r/01a06e03-e3aa-79a7-92d5-7a27fcdb24ea,01a06e03-e3a5-7a0a-bd2f-c098e9c0bbc3,01a06e03-e3a5-7a0a-bd2f-c098e9c0bbc3.logs.gz,https://duels.ink/g/01a06e03-e3a5-7a0a-bd2f-c098e9c0bbc3
01a06949-29e7-78e5-afee-7031a6fa5137,,bo1,,matchmaking,core-bo1,Core Set 13 BO1,true,,Core BO1 - Set 13,2026-09-03T21:59:57.679Z,2026-09-03T22:07:37.608Z,460,10,loss,lore,2,true,15,20,800,793,-7,false,,NXjudlPnHhqUtmfVoVIh5j0C0v81fpoh,01a020ec-568f-747d-bbf8-4fc7b95ab143,Amber/Amethyst/Emerald/Ruby/Sapphire/Steel,"[{""cardId"":""10-62"",""count"":2},{""cardId"":""12-148"",""count"":3},{""cardId"":""12-150"",""count"":1},{""cardId"":""12-162"",""count"":2},{""cardId"":""13-126"",""count"":1},{""cardId"":""13-143"",""count"":3},{""cardId"":""13-154"",""count"":4},{""cardId"":""13-156"",""count"":2},{""cardId"":""13-164"",""count"":4},{""cardId"":""13-174"",""count"":3},{""cardId"":""13-175"",""count"":4},{""cardId"":""13-185"",""count"":2},{""cardId"":""13-23"",""count"":3},{""cardId"":""13-40"",""count"":4},{""cardId"":""13-41"",""count"":2},{""cardId"":""13-42"",""count"":3},{""cardId"":""13-5"",""count"":1},{""cardId"":""13-61"",""count"":1},{""cardId"":""13-62"",""count"":1},{""cardId"":""13-67"",""count"":3},{""cardId"":""13-71"",""count"":1},{""cardId"":""13-78"",""count"":4},{""cardId"":""13-83"",""count"":3},{""cardId"":""2-59"",""count"":3}]",Wyvess,false,false,Amethyst/Emerald,01a06949-29ee-7446-88ac-c92bc0504d96,01a06949-29e7-78e5-afee-7031a6fa5137_p2.replay.gz,https://duels.ink/r/01a06949-29ee-7446-88ac-c92bc0504d96,01a06949-29e7-78e5-afee-7031a6fa5137,01a06949-29e7-78e5-afee-7031a6fa5137.logs.gz,https://duels.ink/g/01a06949-29e7-78e5-afee-7031a6fa5137
01a06940-6542-7e5e-ab17-5951c47bc0e3,,bo1,,matchmaking,core-bo1,Core Set 13 BO1,true,,Core BO1 - Set 13,2026-09-03T21:50:23.058Z,2026-09-03T21:59:25.903Z,543,7,loss,concede,2,true,7,14,821,800,-21,false,,NXjudlPnHhqUtmfVoVIh5j0C0v81fpoh,01a020ec-568f-747d-bbf8-4fc7b95ab143,Amber/Amethyst/Emerald/Ruby/Sapphire/Steel,"[{""cardId"":""10-62"",""count"":2},{""cardId"":""12-148"",""count"":3},{""cardId"":""12-150"",""count"":1},{""cardId"":""12-162"",""count"":2},{""cardId"":""13-126"",""count"":1},{""cardId"":""13-143"",""count"":3},{""cardId"":""13-154"",""count"":4},{""cardId"":""13-156"",""count"":2},{""cardId"":""13-164"",""count"":4},{""cardId"":""13-174"",""count"":3},{""cardId"":""13-175"",""count"":4},{""cardId"":""13-185"",""count"":2},{""cardId"":""13-23"",""count"":3},{""cardId"":""13-40"",""count"":4},{""cardId"":""13-41"",""count"":2},{""cardId"":""13-42"",""count"":3},{""cardId"":""13-5"",""count"":1},{""cardId"":""13-61"",""count"":1},{""cardId"":""13-62"",""count"":1},{""cardId"":""13-67"",""count"":3},{""cardId"":""13-71"",""count"":1},{""cardId"":""13-78"",""count"":4},{""cardId"":""13-83"",""count"":3},{""cardId"":""2-59"",""count"":3}]",Skiiloe,false,false,Amethyst/Ruby,01a06940-6551-7487-8b24-04f8ed33101d,01a06940-6542-7e5e-ab17-5951c47bc0e3_p2.replay.gz,https://duels.ink/r/01a06940-6551-7487-8b24-04f8ed33101d,01a06940-6542-7e5e-ab17-5951c47bc0e3,01a06940-6542-7e5e-ab17-5951c47bc0e3.logs.gz,https://duels.ink/g/01a06940-6542-7e5e-ab17-5951c47bc0e3
01a06897-629d-7579-bf04-b3f7623f736e,,bo1,,matchmaking,core-bo1,Core Set 13 BO1,true,,Core BO1 - Set 13,2026-09-03T18:45:46.792Z,2026-09-03T18:53:58.233Z,491,6,loss,lore,1,true,12,20,882,821,-61,false,,NXjudlPnHhqUtmfVoVIh5j0C0v81fpoh,01a020ec-568f-747d-bbf8-4fc7b95ab143,Amber/Amethyst/Emerald/Ruby/Sapphire/Steel,"[{""cardId"":""10-62"",""count"":2},{""cardId"":""12-148"",""count"":3},{""cardId"":""12-150"",""count"":1},{""cardId"":""12-162"",""count"":2},{""cardId"":""13-126"",""count"":1},{""cardId"":""13-143"",""count"":3},{""cardId"":""13-154"",""count"":4},{""cardId"":""13-156"",""count"":2},{""cardId"":""13-164"",""count"":4},{""cardId"":""13-174"",""count"":3},{""cardId"":""13-175"",""count"":4},{""cardId"":""13-185"",""count"":2},{""cardId"":""13-23"",""count"":3},{""cardId"":""13-40"",""count"":4},{""cardId"":""13-41"",""count"":2},{""cardId"":""13-42"",""count"":3},{""cardId"":""13-5"",""count"":1},{""cardId"":""13-61"",""count"":1},{""cardId"":""13-62"",""count"":1},{""cardId"":""13-67"",""count"":3},{""cardId"":""13-71"",""count"":1},{""cardId"":""13-78"",""count"":4},{""cardId"":""13-83"",""count"":3},{""cardId"":""2-59"",""count"":3}]",Garagna Joueur (Yvan),false,false,Amber/Steel,01a06897-62a7-7a72-bb28-cfa3f6159a39,01a06897-629d-7579-bf04-b3f7623f736e_p1.replay.gz,https://duels.ink/r/01a06897-62a7-7a72-bb28-cfa3f6159a39,01a06897-629d-7579-bf04-b3f7623f736e,01a06897-629d-7579-bf04-b3f7623f736e.logs.gz,https://duels.ink/g/01a06897-629d-7579-bf04-b3f7623f736e
01a06871-e509-70b2-9898-d0684b7e401a,,bo1,,bot,,,false,,,2026-09-03T18:04:49.809Z,2026-09-03T18:11:29.975Z,400,6,win,lore,1,true,20,2,,,,false,,NXjudlPnHhqUtmfVoVIh5j0C0v81fpoh,01a020ec-568f-747d-bbf8-4fc7b95ab143,Amber/Amethyst/Emerald/Ruby/Sapphire/Steel,"[{""cardId"":""10-62"",""count"":2},{""cardId"":""12-148"",""count"":3},{""cardId"":""12-150"",""count"":1},{""cardId"":""12-162"",""count"":2},{""cardId"":""13-126"",""count"":1},{""cardId"":""13-143"",""count"":3},{""cardId"":""13-154"",""count"":4},{""cardId"":""13-156"",""count"":2},{""cardId"":""13-164"",""count"":4},{""cardId"":""13-174"",""count"":3},{""cardId"":""13-175"",""count"":4},{""cardId"":""13-185"",""count"":2},{""cardId"":""13-23"",""count"":3},{""cardId"":""13-40"",""count"":4},{""cardId"":""13-41"",""count"":2},{""cardId"":""13-42"",""count"":3},{""cardId"":""13-5"",""count"":1},{""cardId"":""13-61"",""count"":1},{""cardId"":""13-62"",""count"":1},{""cardId"":""13-67"",""count"":3},{""cardId"":""13-71"",""count"":1},{""cardId"":""13-78"",""count"":4},{""cardId"":""13-83"",""count"":3},{""cardId"":""2-59"",""count"":3}]",Bot (Normal),false,true,Amber/Emerald,01a06871-e511-7db0-aaf6-567f880578fe,01a06871-e509-70b2-9898-d0684b7e401a_p1.replay.gz,https://duels.ink/r/01a06871-e511-7db0-aaf6-567f880578fe,01a06871-e509-70b2-9898-d0684b7e401a,01a06871-e509-70b2-9898-d0684b7e401a.logs.gz,https://duels.ink/g/01a06871-e509-70b2-9898-d0684b7e401a
01a06864-3bef-7287-90f6-3de18e43095a,,bo1,,bot,,,false,,,2026-09-03T17:49:54.557Z,2026-09-03T17:58:12.778Z,498,7,win,lore,1,true,20,12,,,,false,,NXjudlPnHhqUtmfVoVIh5j0C0v81fpoh,01a020ec-568f-747d-bbf8-4fc7b95ab143,Amber/Amethyst/Emerald/Ruby/Sapphire/Steel,"[{""cardId"":""10-62"",""count"":2},{""cardId"":""12-148"",""count"":3},{""cardId"":""12-150"",""count"":1},{""cardId"":""12-162"",""count"":2},{""cardId"":""13-126"",""count"":1},{""cardId"":""13-143"",""count"":3},{""cardId"":""13-154"",""count"":4},{""cardId"":""13-156"",""count"":2},{""cardId"":""13-164"",""count"":4},{""cardId"":""13-174"",""count"":3},{""cardId"":""13-175"",""count"":4},{""cardId"":""13-185"",""count"":2},{""cardId"":""13-23"",""count"":3},{""cardId"":""13-40"",""count"":4},{""cardId"":""13-41"",""count"":2},{""cardId"":""13-42"",""count"":3},{""cardId"":""13-5"",""count"":1},{""cardId"":""13-61"",""count"":1},{""cardId"":""13-62"",""count"":1},{""cardId"":""13-67"",""count"":3},{""cardId"":""13-71"",""count"":1},{""cardId"":""13-78"",""count"":4},{""cardId"":""13-83"",""count"":3},{""cardId"":""2-59"",""count"":3}]",Bot (Normal),false,true,Amber/Emerald,01a06864-3bfc-70d1-a757-3c8e5cd66ec6,01a06864-3bef-7287-90f6-3de18e43095a_p1.replay.gz,https://duels.ink/r/01a06864-3bfc-70d1-a757-3c8e5cd66ec6,01a06864-3bef-7287-90f6-3de18e43095a,01a06864-3bef-7287-90f6-3de18e43095a.logs.gz,https://duels.ink/g/01a06864-3bef-7287-90f6-3de18e43095a
01a0685d-47a4-7679-a65c-acebc4c9394d,,bo1,,bot,,,false,,,2026-09-03T17:42:18.800Z,2026-09-03T17:49:51.473Z,453,7,loss,lore,1,true,15,20,,,,false,,NXjudlPnHhqUtmfVoVIh5j0C0v81fpoh,01a020ec-568f-747d-bbf8-4fc7b95ab143,Amber/Amethyst/Emerald/Ruby/Sapphire/Steel,"[{""cardId"":""10-62"",""count"":2},{""cardId"":""12-148"",""count"":3},{""cardId"":""12-150"",""count"":1},{""cardId"":""12-162"",""count"":2},{""cardId"":""13-126"",""count"":1},{""cardId"":""13-143"",""count"":3},{""cardId"":""13-154"",""count"":4},{""cardId"":""13-156"",""count"":2},{""cardId"":""13-164"",""count"":4},{""cardId"":""13-174"",""count"":3},{""cardId"":""13-175"",""count"":4},{""cardId"":""13-185"",""count"":2},{""cardId"":""13-23"",""count"":3},{""cardId"":""13-40"",""count"":4},{""cardId"":""13-41"",""count"":2},{""cardId"":""13-42"",""count"":3},{""cardId"":""13-5"",""count"":1},{""cardId"":""13-61"",""count"":1},{""cardId"":""13-62"",""count"":1},{""cardId"":""13-67"",""count"":3},{""cardId"":""13-71"",""count"":1},{""cardId"":""13-78"",""count"":4},{""cardId"":""13-83"",""count"":3},{""cardId"":""2-59"",""count"":3}]",Bot (Normal),false,true,Amber/Emerald,01a0685d-47af-76ce-b25b-435ab90a95da,01a0685d-47a4-7679-a65c-acebc4c9394d_p1.replay.gz,https://duels.ink/r/01a0685d-47af-76ce-b25b-435ab90a95da,01a0685d-47a4-7679-a65c-acebc4c9394d,01a0685d-47a4-7679-a65c-acebc4c9394d.logs.gz,https://duels.ink/g/01a0685d-47a4-7679-a65c-acebc4c9394d
01a0539b-d6e1-7abf-9ec6-a758c31ddde0,,bo1,,bot,,,false,,,2026-08-30T16:58:37.158Z,2026-08-30T17:06:49.027Z,492,7,win,lore,1,true,20,1,,,,false,,NXjudlPnHhqUtmfVoVIh5j0C0v81fpoh,01a020ec-568f-747d-bbf8-4fc7b95ab143,Amber/Amethyst/Emerald/Ruby/Sapphire/Steel,"[{""cardId"":""10-62"",""count"":2},{""cardId"":""12-148"",""count"":3},{""cardId"":""12-150"",""count"":1},{""cardId"":""12-162"",""count"":2},{""cardId"":""13-126"",""count"":1},{""cardId"":""13-143"",""count"":3},{""cardId"":""13-154"",""count"":4},{""cardId"":""13-156"",""count"":2},{""cardId"":""13-164"",""count"":4},{""cardId"":""13-174"",""count"":3},{""cardId"":""13-175"",""count"":4},{""cardId"":""13-185"",""count"":2},{""cardId"":""13-23"",""count"":3},{""cardId"":""13-40"",""count"":4},{""cardId"":""13-41"",""count"":2},{""cardId"":""13-42"",""count"":3},{""cardId"":""13-5"",""count"":1},{""cardId"":""13-61"",""count"":1},{""cardId"":""13-62"",""count"":1},{""cardId"":""13-67"",""count"":3},{""cardId"":""13-71"",""count"":1},{""cardId"":""13-78"",""count"":4},{""cardId"":""13-83"",""count"":3},{""cardId"":""2-59"",""count"":3}]",Bot (Normal),false,true,Amber/Emerald,01a0539b-d6e5-78bb-bfd7-43209ef24141,01a0539b-d6e1-7abf-9ec6-a758c31ddde0_p1.replay.gz,https://duels.ink/r/01a0539b-d6e5-78bb-bfd7-43209ef24141,01a0539b-d6e1-7abf-9ec6-a758c31ddde0,01a0539b-d6e1-7abf-9ec6-a758c31ddde0.logs.gz,https://duels.ink/g/01a0539b-d6e1-7abf-9ec6-a758c31ddde0
01a05385-30f5-7c51-8c8a-9bd106723503,,bo1,,bot,,,false,,,2026-08-30T16:33:52.890Z,2026-08-30T16:45:12.688Z,680,11,loss,concede,1,true,11,19,,,,false,,NXjudlPnHhqUtmfVoVIh5j0C0v81fpoh,01a020ec-568f-747d-bbf8-4fc7b95ab143,Amber/Amethyst/Emerald/Ruby/Sapphire/Steel,"[{""cardId"":""10-62"",""count"":2},{""cardId"":""12-148"",""count"":3},{""cardId"":""12-150"",""count"":1},{""cardId"":""12-162"",""count"":2},{""cardId"":""13-126"",""count"":1},{""cardId"":""13-143"",""count"":3},{""cardId"":""13-154"",""count"":4},{""cardId"":""13-156"",""count"":2},{""cardId"":""13-164"",""count"":4},{""cardId"":""13-174"",""count"":4},{""cardId"":""13-175"",""count"":3},{""cardId"":""13-185"",""count"":2},{""cardId"":""13-23"",""count"":3},{""cardId"":""13-40"",""count"":4},{""cardId"":""13-41"",""count"":2},{""cardId"":""13-42"",""count"":3},{""cardId"":""13-5"",""count"":1},{""cardId"":""13-61"",""count"":1},{""cardId"":""13-62"",""count"":1},{""cardId"":""13-67"",""count"":3},{""cardId"":""13-71"",""count"":1},{""cardId"":""13-78"",""count"":4},{""cardId"":""13-83"",""count"":3},{""cardId"":""2-59"",""count"":3}]",Bot (Normal),false,true,Amethyst/Ruby,01a05385-30f9-7a4c-b384-adc71680878a,01a05385-30f5-7c51-8c8a-9bd106723503_p1.replay.gz,https://duels.ink/r/01a05385-30f9-7a4c-b384-adc71680878a,01a05385-30f5-7c51-8c8a-9bd106723503,01a05385-30f5-7c51-8c8a-9bd106723503.logs.gz,https://duels.ink/g/01a05385-30f5-7c51-8c8a-9bd106723503
01a05379-8ea4-7b0e-ab93-ef5eb830f5a2,,bo1,,bot,,,false,,,2026-08-30T16:21:10.451Z,2026-08-30T16:31:26.644Z,616,11,loss,concede,1,true,19,19,,,,false,,NXjudlPnHhqUtmfVoVIh5j0C0v81fpoh,01a020ec-568f-747d-bbf8-4fc7b95ab143,Amber/Amethyst/Emerald/Ruby/Sapphire/Steel,"[{""cardId"":""10-62"",""count"":2},{""cardId"":""12-148"",""count"":3},{""cardId"":""12-150"",""count"":1},{""cardId"":""12-162"",""count"":2},{""cardId"":""13-126"",""count"":1},{""cardId"":""13-143"",""count"":3},{""cardId"":""13-154"",""count"":4},{""cardId"":""13-156"",""count"":2},{""cardId"":""13-164"",""count"":4},{""cardId"":""13-174"",""count"":4},{""cardId"":""13-175"",""count"":3},{""cardId"":""13-185"",""count"":2},{""cardId"":""13-23"",""count"":3},{""cardId"":""13-40"",""count"":4},{""cardId"":""13-41"",""count"":2},{""cardId"":""13-42"",""count"":3},{""cardId"":""13-5"",""count"":1},{""cardId"":""13-61"",""count"":1},{""cardId"":""13-62"",""count"":1},{""cardId"":""13-67"",""count"":3},{""cardId"":""13-71"",""count"":1},{""cardId"":""13-78"",""count"":4},{""cardId"":""13-83"",""count"":3},{""cardId"":""2-59"",""count"":3}]",Bot (Normal),false,true,Amethyst/Ruby,01a05379-8eb2-767e-86f7-881af60ebccd,01a05379-8ea4-7b0e-ab93-ef5eb830f5a2_p1.replay.gz,https://duels.ink/r/01a05379-8eb2-767e-86f7-881af60ebccd,01a05379-8ea4-7b0e-ab93-ef5eb830f5a2,01a05379-8ea4-7b0e-ab93-ef5eb830f5a2.logs.gz,https://duels.ink/g/01a05379-8ea4-7b0e-ab93-ef5eb830f5a2
01a05371-7944-75f2-ae09-a1faeacf6716,,bo1,,bot,,,false,,,2026-08-30T16:12:20.715Z,2026-08-30T16:20:21.632Z,481,10,loss,lore,1,true,18,20,,,,false,,NXjudlPnHhqUtmfVoVIh5j0C0v81fpoh,01a020ec-568f-747d-bbf8-4fc7b95ab143,Amber/Amethyst/Emerald/Ruby/Sapphire/Steel,"[{""cardId"":""10-62"",""count"":2},{""cardId"":""12-148"",""count"":3},{""cardId"":""12-150"",""count"":1},{""cardId"":""12-162"",""count"":2},{""cardId"":""13-126"",""count"":1},{""cardId"":""13-143"",""count"":3},{""cardId"":""13-154"",""count"":4},{""cardId"":""13-156"",""count"":2},{""cardId"":""13-164"",""count"":4},{""cardId"":""13-174"",""count"":4},{""cardId"":""13-175"",""count"":3},{""cardId"":""13-185"",""count"":2},{""cardId"":""13-23"",""count"":3},{""cardId"":""13-40"",""count"":4},{""cardId"":""13-41"",""count"":2},{""cardId"":""13-42"",""count"":3},{""cardId"":""13-5"",""count"":1},{""cardId"":""13-61"",""count"":1},{""cardId"":""13-62"",""count"":1},{""cardId"":""13-67"",""count"":3},{""cardId"":""13-71"",""count"":1},{""cardId"":""13-78"",""count"":4},{""cardId"":""13-83"",""count"":3},{""cardId"":""2-59"",""count"":3}]",Bot (Normal),false,true,Amber/Sapphire,01a05371-796b-7166-910c-6038572b48f9,01a05371-7944-75f2-ae09-a1faeacf6716_p1.replay.gz,https://duels.ink/r/01a05371-796b-7166-910c-6038572b48f9,01a05371-7944-75f2-ae09-a1faeacf6716,01a05371-7944-75f2-ae09-a1faeacf6716.logs.gz,https://duels.ink/g/01a05371-7944-75f2-ae09-a1faeacf6716
01a043c4-61bc-7b43-9114-74e23dff0f94,,bo1,,matchmaking,core-bo1,Core Set 13 BO1,true,,Core BO1 - Set 13,2026-08-27T15:08:58.699Z,2026-08-27T15:19:40.135Z,641,7,loss,lore,1,true,19,20,942,882,-60,false,,NXjudlPnHhqUtmfVoVIh5j0C0v81fpoh,01a020ec-568f-747d-bbf8-4fc7b95ab143,Amber/Amethyst/Emerald/Ruby/Sapphire/Steel,"[{""cardId"":""10-62"",""count"":2},{""cardId"":""12-148"",""count"":3},{""cardId"":""12-150"",""count"":1},{""cardId"":""12-162"",""count"":2},{""cardId"":""13-126"",""count"":1},{""cardId"":""13-143"",""count"":3},{""cardId"":""13-154"",""count"":4},{""cardId"":""13-156"",""count"":2},{""cardId"":""13-164"",""count"":4},{""cardId"":""13-174"",""count"":4},{""cardId"":""13-175"",""count"":3},{""cardId"":""13-185"",""count"":2},{""cardId"":""13-23"",""count"":3},{""cardId"":""13-40"",""count"":4},{""cardId"":""13-41"",""count"":2},{""cardId"":""13-42"",""count"":3},{""cardId"":""13-5"",""count"":1},{""cardId"":""13-61"",""count"":1},{""cardId"":""13-62"",""count"":1},{""cardId"":""13-67"",""count"":3},{""cardId"":""13-71"",""count"":1},{""cardId"":""13-78"",""count"":4},{""cardId"":""13-83"",""count"":3},{""cardId"":""2-59"",""count"":3}]",amanimation,false,false,Amber/Emerald,01a043c4-61ca-7d8c-867e-17cc05365b47,01a043c4-61bc-7b43-9114-74e23dff0f94_p1.replay.gz,https://duels.ink/r/01a043c4-61ca-7d8c-867e-17cc05365b47,01a043c4-61bc-7b43-9114-74e23dff0f94,01a043c4-61bc-7b43-9114-74e23dff0f94.logs.gz,https://duels.ink/g/01a043c4-61bc-7b43-9114-74e23dff0f94
01a04024-1578-763e-8b89-42e26027e45f,,bo1,,matchmaking,core-bo1,Core Set 13 BO1,true,,Core BO1 - Set 13,2026-08-26T22:15:01.766Z,2026-08-26T22:21:45.484Z,404,6,win,concede,1,false,16,5,878,942,64,false,,NXjudlPnHhqUtmfVoVIh5j0C0v81fpoh,01a020ec-568f-747d-bbf8-4fc7b95ab143,Amber/Amethyst/Emerald/Ruby/Sapphire/Steel,"[{""cardId"":""10-62"",""count"":2},{""cardId"":""12-148"",""count"":3},{""cardId"":""12-150"",""count"":1},{""cardId"":""12-162"",""count"":2},{""cardId"":""13-126"",""count"":1},{""cardId"":""13-143"",""count"":3},{""cardId"":""13-154"",""count"":4},{""cardId"":""13-156"",""count"":2},{""cardId"":""13-164"",""count"":4},{""cardId"":""13-174"",""count"":4},{""cardId"":""13-175"",""count"":3},{""cardId"":""13-185"",""count"":2},{""cardId"":""13-23"",""count"":3},{""cardId"":""13-40"",""count"":4},{""cardId"":""13-41"",""count"":2},{""cardId"":""13-42"",""count"":3},{""cardId"":""13-5"",""count"":1},{""cardId"":""13-61"",""count"":1},{""cardId"":""13-62"",""count"":1},{""cardId"":""13-67"",""count"":3},{""cardId"":""13-71"",""count"":1},{""cardId"":""13-78"",""count"":4},{""cardId"":""13-83"",""count"":3},{""cardId"":""2-59"",""count"":3}]",ArchivedTCG,false,false,Amethyst/Steel,01a04024-1584-7d70-9496-c2f194fdff8b,01a04024-1578-763e-8b89-42e26027e45f_p1.replay.gz,https://duels.ink/r/01a04024-1584-7d70-9496-c2f194fdff8b,01a04024-1578-763e-8b89-42e26027e45f,01a04024-1578-763e-8b89-42e26027e45f.logs.gz,https://duels.ink/g/01a04024-1578-763e-8b89-42e26027e45f
01a0401c-6e1f-79c5-a6a9-ac4608034e9d,,bo1,,matchmaking,core-bo1,Core Set 13 BO1,true,,Core BO1 - Set 13,2026-08-26T22:06:40.166Z,2026-08-26T22:14:39.616Z,479,8,loss,lore,2,true,9,20,889,878,-11,false,,NXjudlPnHhqUtmfVoVIh5j0C0v81fpoh,01a020ec-568f-747d-bbf8-4fc7b95ab143,Amber/Amethyst/Emerald/Ruby/Sapphire/Steel,"[{""cardId"":""10-62"",""count"":2},{""cardId"":""12-148"",""count"":3},{""cardId"":""12-150"",""count"":1},{""cardId"":""12-162"",""count"":2},{""cardId"":""13-126"",""count"":1},{""cardId"":""13-143"",""count"":3},{""cardId"":""13-154"",""count"":4},{""cardId"":""13-156"",""count"":2},{""cardId"":""13-164"",""count"":4},{""cardId"":""13-174"",""count"":4},{""cardId"":""13-175"",""count"":3},{""cardId"":""13-185"",""count"":2},{""cardId"":""13-23"",""count"":3},{""cardId"":""13-40"",""count"":4},{""cardId"":""13-41"",""count"":2},{""cardId"":""13-42"",""count"":3},{""cardId"":""13-5"",""count"":1},{""cardId"":""13-61"",""count"":1},{""cardId"":""13-62"",""count"":1},{""cardId"":""13-67"",""count"":3},{""cardId"":""13-71"",""count"":1},{""cardId"":""13-78"",""count"":4},{""cardId"":""13-83"",""count"":3},{""cardId"":""2-59"",""count"":3}]",DD Marksan,false,false,Emerald/Steel,01a0401c-6e25-7a1b-9203-5725dc320b30,01a0401c-6e1f-79c5-a6a9-ac4608034e9d_p2.replay.gz,https://duels.ink/r/01a0401c-6e25-7a1b-9203-5725dc320b30,01a0401c-6e1f-79c5-a6a9-ac4608034e9d,01a0401c-6e1f-79c5-a6a9-ac4608034e9d.logs.gz,https://duels.ink/g/01a0401c-6e1f-79c5-a6a9-ac4608034e9d
01a04005-c641-77d5-984e-3390907a246a,,bo1,,matchmaking,core-bo1,Core Set 13 BO1,true,,Core BO1 - Set 13,2026-08-26T21:41:55.401Z,2026-08-26T21:51:17.528Z,562,12,loss,lore,1,true,14,20,1000,889,-111,false,,NXjudlPnHhqUtmfVoVIh5j0C0v81fpoh,01a020ec-568f-747d-bbf8-4fc7b95ab143,Amber/Amethyst/Emerald/Ruby/Sapphire/Steel,"[{""cardId"":""10-62"",""count"":2},{""cardId"":""12-148"",""count"":3},{""cardId"":""12-150"",""count"":1},{""cardId"":""12-162"",""count"":2},{""cardId"":""13-126"",""count"":1},{""cardId"":""13-143"",""count"":3},{""cardId"":""13-154"",""count"":4},{""cardId"":""13-156"",""count"":2},{""cardId"":""13-164"",""count"":4},{""cardId"":""13-174"",""count"":4},{""cardId"":""13-175"",""count"":3},{""cardId"":""13-185"",""count"":2},{""cardId"":""13-23"",""count"":3},{""cardId"":""13-40"",""count"":4},{""cardId"":""13-41"",""count"":2},{""cardId"":""13-42"",""count"":3},{""cardId"":""13-5"",""count"":1},{""cardId"":""13-61"",""count"":1},{""cardId"":""13-62"",""count"":1},{""cardId"":""13-67"",""count"":3},{""cardId"":""13-71"",""count"":1},{""cardId"":""13-78"",""count"":4},{""cardId"":""13-83"",""count"":3},{""cardId"":""2-59"",""count"":3}]",Flynn91,false,false,Emerald/Steel,01a04005-c649-792d-b01e-031fad87026d,01a04005-c641-77d5-984e-3390907a246a_p1.replay.gz,https://duels.ink/r/01a04005-c649-792d-b01e-031fad87026d,01a04005-c641-77d5-984e-3390907a246a,01a04005-c641-77d5-984e-3390907a246a.logs.gz,https://duels.ink/g/01a04005-c641-77d5-984e-3390907a246a
01a03fe8-93bf-78b4-bad7-c319cfdf1bb7,,bo1,,matchmaking,quick-play,Quick Play: Core BO1,false,,Quick Play: Core BO1,2026-08-26T21:10:01.953Z,2026-08-26T21:18:45.267Z,523,7,win,concede,2,true,16,12,,,,false,,NXjudlPnHhqUtmfVoVIh5j0C0v81fpoh,01a020ec-568f-747d-bbf8-4fc7b95ab143,Amber/Amethyst/Emerald/Ruby/Sapphire/Steel,"[{""cardId"":""10-62"",""count"":2},{""cardId"":""12-148"",""count"":3},{""cardId"":""12-150"",""count"":1},{""cardId"":""12-162"",""count"":2},{""cardId"":""13-126"",""count"":1},{""cardId"":""13-143"",""count"":3},{""cardId"":""13-154"",""count"":4},{""cardId"":""13-156"",""count"":2},{""cardId"":""13-164"",""count"":4},{""cardId"":""13-174"",""count"":4},{""cardId"":""13-175"",""count"":3},{""cardId"":""13-185"",""count"":2},{""cardId"":""13-23"",""count"":3},{""cardId"":""13-40"",""count"":4},{""cardId"":""13-41"",""count"":2},{""cardId"":""13-42"",""count"":3},{""cardId"":""13-5"",""count"":1},{""cardId"":""13-61"",""count"":1},{""cardId"":""13-62"",""count"":1},{""cardId"":""13-67"",""count"":3},{""cardId"":""13-71"",""count"":1},{""cardId"":""13-78"",""count"":4},{""cardId"":""13-83"",""count"":3},{""cardId"":""2-59"",""count"":3}]",Rsm91,false,false,Amber/Steel,01a03fe8-93e0-735e-980e-c20c1d635566,01a03fe8-93bf-78b4-bad7-c319cfdf1bb7_p2.replay.gz,https://duels.ink/r/01a03fe8-93e0-735e-980e-c20c1d635566,01a03fe8-93bf-78b4-bad7-c319cfdf1bb7,01a03fe8-93bf-78b4-bad7-c319cfdf1bb7.logs.gz,https://duels.ink/g/01a03fe8-93bf-78b4-bad7-c319cfdf1bb7
01a03982-3c67-70ad-aace-45d3cf447b61,,bo1,,bot,,,false,,,2026-08-25T15:20:31.617Z,2026-08-25T15:28:34.754Z,483,8,win,lore,1,true,21,17,,,,false,,NXjudlPnHhqUtmfVoVIh5j0C0v81fpoh,01a020ec-568f-747d-bbf8-4fc7b95ab143,Amber/Amethyst/Emerald/Ruby/Sapphire/Steel,"[{""cardId"":""10-62"",""count"":2},{""cardId"":""12-148"",""count"":3},{""cardId"":""12-150"",""count"":1},{""cardId"":""12-162"",""count"":2},{""cardId"":""13-126"",""count"":1},{""cardId"":""13-143"",""count"":3},{""cardId"":""13-154"",""count"":4},{""cardId"":""13-156"",""count"":2},{""cardId"":""13-164"",""count"":4},{""cardId"":""13-174"",""count"":4},{""cardId"":""13-175"",""count"":3},{""cardId"":""13-185"",""count"":2},{""cardId"":""13-23"",""count"":3},{""cardId"":""13-40"",""count"":4},{""cardId"":""13-41"",""count"":2},{""cardId"":""13-42"",""count"":3},{""cardId"":""13-5"",""count"":1},{""cardId"":""13-61"",""count"":1},{""cardId"":""13-62"",""count"":1},{""cardId"":""13-67"",""count"":3},{""cardId"":""13-71"",""count"":1},{""cardId"":""13-78"",""count"":4},{""cardId"":""13-83"",""count"":3},{""cardId"":""2-59"",""count"":3}]",Bot (Normal),false,true,Sapphire/Steel,01a03982-3c80-7127-8133-9210f986f941,01a03982-3c67-70ad-aace-45d3cf447b61_p1.replay.gz,https://duels.ink/r/01a03982-3c80-7127-8133-9210f986f941,01a03982-3c67-70ad-aace-45d3cf447b61,01a03982-3c67-70ad-aace-45d3cf447b61.logs.gz,https://duels.ink/g/01a03982-3c67-70ad-aace-45d3cf447b61
01a020f7-e57e-7553-b0e3-5d9514c52a5e,,bo1,,matchmaking,quick-play,Quick Play: Core BO1,false,,Quick Play: Core BO1,2026-08-20T20:58:32.195Z,2026-08-20T21:08:24.850Z,593,9,loss,lore,1,true,11,21,,,,false,,NXjudlPnHhqUtmfVoVIh5j0C0v81fpoh,01a020ec-568f-747d-bbf8-4fc7b95ab143,Amber/Amethyst/Emerald/Ruby/Sapphire/Steel,"[{""cardId"":""10-62"",""count"":2},{""cardId"":""12-148"",""count"":3},{""cardId"":""12-150"",""count"":1},{""cardId"":""12-162"",""count"":2},{""cardId"":""13-126"",""count"":1},{""cardId"":""13-143"",""count"":3},{""cardId"":""13-154"",""count"":4},{""cardId"":""13-156"",""count"":2},{""cardId"":""13-164"",""count"":4},{""cardId"":""13-174"",""count"":4},{""cardId"":""13-175"",""count"":3},{""cardId"":""13-185"",""count"":2},{""cardId"":""13-23"",""count"":3},{""cardId"":""13-40"",""count"":4},{""cardId"":""13-41"",""count"":2},{""cardId"":""13-42"",""count"":3},{""cardId"":""13-5"",""count"":1},{""cardId"":""13-61"",""count"":1},{""cardId"":""13-62"",""count"":1},{""cardId"":""13-67"",""count"":3},{""cardId"":""13-71"",""count"":1},{""cardId"":""13-78"",""count"":4},{""cardId"":""13-83"",""count"":3},{""cardId"":""2-59"",""count"":3}]",Goofy🇲🇽,false,false,Amethyst/Emerald,01a020f7-e582-743e-b854-4ce3ba5ad4f6,01a020f7-e57e-7553-b0e3-5d9514c52a5e_p1.replay.gz,https://duels.ink/r/01a020f7-e582-743e-b854-4ce3ba5ad4f6,01a020f7-e57e-7553-b0e3-5d9514c52a5e,01a020f7-e57e-7553-b0e3-5d9514c52a5e.logs.gz,https://duels.ink/g/01a020f7-e57e-7553-b0e3-5d9514c52a5e
01a020f3-15b2-73a5-b141-d6390901460c,,bo1,,bot,,,false,,,2026-08-20T20:53:16.858Z,2026-08-20T20:57:49.652Z,273,6,win,lore,1,true,20,9,,,,false,,NXjudlPnHhqUtmfVoVIh5j0C0v81fpoh,01a020ec-568f-747d-bbf8-4fc7b95ab143,Amber/Amethyst/Emerald/Ruby/Sapphire/Steel,"[{""cardId"":""10-62"",""count"":2},{""cardId"":""12-148"",""count"":3},{""cardId"":""12-150"",""count"":1},{""cardId"":""12-162"",""count"":2},{""cardId"":""13-126"",""count"":1},{""cardId"":""13-143"",""count"":3},{""cardId"":""13-154"",""count"":4},{""cardId"":""13-156"",""count"":2},{""cardId"":""13-164"",""count"":4},{""cardId"":""13-174"",""count"":4},{""cardId"":""13-175"",""count"":3},{""cardId"":""13-185"",""count"":2},{""cardId"":""13-23"",""count"":3},{""cardId"":""13-40"",""count"":4},{""cardId"":""13-41"",""count"":2},{""cardId"":""13-42"",""count"":3},{""cardId"":""13-5"",""count"":1},{""cardId"":""13-61"",""count"":1},{""cardId"":""13-62"",""count"":1},{""cardId"":""13-67"",""count"":3},{""cardId"":""13-71"",""count"":1},{""cardId"":""13-78"",""count"":4},{""cardId"":""13-83"",""count"":3},{""cardId"":""2-59"",""count"":3}]",Bot (Difficult),false,true,Sapphire/Steel,01a020f3-15ba-7b87-99ed-032dad3932f2,01a020f3-15b2-73a5-b141-d6390901460c_p1.replay.gz,https://duels.ink/r/01a020f3-15ba-7b87-99ed-032dad3932f2,01a020f3-15b2-73a5-b141-d6390901460c,01a020f3-15b2-73a5-b141-d6390901460c.logs.gz,https://duels.ink/g/01a020f3-15b2-73a5-b141-d6390901460c
01a020ec-be72-757d-8020-33aff1e9cd5c,,bo1,,bot,,,false,,,2026-08-20T20:46:21.308Z,2026-08-20T20:52:55.413Z,394,8,win,lore,1,true,20,7,,,,false,,NXjudlPnHhqUtmfVoVIh5j0C0v81fpoh,01a020ec-568f-747d-bbf8-4fc7b95ab143,Amber/Amethyst/Emerald/Ruby/Sapphire/Steel,"[{""cardId"":""10-62"",""count"":2},{""cardId"":""12-148"",""count"":3},{""cardId"":""12-150"",""count"":1},{""cardId"":""12-162"",""count"":2},{""cardId"":""13-126"",""count"":1},{""cardId"":""13-143"",""count"":3},{""cardId"":""13-154"",""count"":4},{""cardId"":""13-156"",""count"":2},{""cardId"":""13-164"",""count"":4},{""cardId"":""13-174"",""count"":4},{""cardId"":""13-175"",""count"":3},{""cardId"":""13-185"",""count"":2},{""cardId"":""13-23"",""count"":3},{""cardId"":""13-40"",""count"":4},{""cardId"":""13-41"",""count"":2},{""cardId"":""13-42"",""count"":3},{""cardId"":""13-5"",""count"":1},{""cardId"":""13-61"",""count"":1},{""cardId"":""13-62"",""count"":1},{""cardId"":""13-67"",""count"":3},{""cardId"":""13-71"",""count"":1},{""cardId"":""13-78"",""count"":4},{""cardId"":""13-83"",""count"":3},{""cardId"":""2-59"",""count"":3}]",Bot (Normal),false,true,Amber/Emerald,01a020ec-be7b-7aab-a3cd-0b54dd2b60f5,01a020ec-be72-757d-8020-33aff1e9cd5c_p1.replay.gz,https://duels.ink/r/01a020ec-be7b-7aab-a3cd-0b54dd2b60f5,01a020ec-be72-757d-8020-33aff1e9cd5c,01a020ec-be72-757d-8020-33aff1e9cd5c.logs.gz,https://duels.ink/g/01a020ec-be72-757d-8020-33aff1e9cd5c
01a01d09-b91d-7b7c-b9a2-9ba3da75b6c7,,bo1,,bot,,,false,,,2026-08-20T02:39:31.618Z,2026-08-20T02:48:41.391Z,550,6,win,lore,1,true,20,4,,,,false,,NXjudlPnHhqUtmfVoVIh5j0C0v81fpoh,01a01b94-18d0-7ff1-a029-db8c67d00b3a,Amber/Amethyst/Emerald/Ruby/Sapphire/Steel,"[{""cardId"":""10-62"",""count"":2},{""cardId"":""12-148"",""count"":3},{""cardId"":""12-162"",""count"":2},{""cardId"":""13-126"",""count"":2},{""cardId"":""13-154"",""count"":4},{""cardId"":""13-156"",""count"":2},{""cardId"":""13-164"",""count"":4},{""cardId"":""13-174"",""count"":4},{""cardId"":""13-175"",""count"":3},{""cardId"":""13-185"",""count"":2},{""cardId"":""13-23"",""count"":3},{""cardId"":""13-40"",""count"":4},{""cardId"":""13-42"",""count"":4},{""cardId"":""13-5"",""count"":4},{""cardId"":""13-61"",""count"":1},{""cardId"":""13-62"",""count"":1},{""cardId"":""13-67"",""count"":3},{""cardId"":""13-71"",""count"":2},{""cardId"":""13-78"",""count"":4},{""cardId"":""13-83"",""count"":3},{""cardId"":""2-59"",""count"":3}]",Bot (Normal),false,true,Sapphire/Steel,01a01d09-b921-7eb4-9a19-e30903323fb5,01a01d09-b91d-7b7c-b9a2-9ba3da75b6c7_p1.replay.gz,https://duels.ink/r/01a01d09-b921-7eb4-9a19-e30903323fb5,01a01d09-b91d-7b7c-b9a2-9ba3da75b6c7,01a01d09-b91d-7b7c-b9a2-9ba3da75b6c7.logs.gz,https://duels.ink/g/01a01d09-b91d-7b7c-b9a2-9ba3da75b6c7
01a01ceb-839c-7641-ad3c-123f15c3b184,,bo1,,bot,,,false,,,2026-08-20T02:06:31.841Z,2026-08-20T02:15:51.520Z,560,9,win,lore,1,true,20,8,,,,false,,NXjudlPnHhqUtmfVoVIh5j0C0v81fpoh,01a01b94-18d0-7ff1-a029-db8c67d00b3a,Amber/Amethyst/Emerald/Ruby/Sapphire/Steel,"[{""cardId"":""10-62"",""count"":2},{""cardId"":""12-148"",""count"":3},{""cardId"":""12-162"",""count"":2},{""cardId"":""13-126"",""count"":2},{""cardId"":""13-154"",""count"":4},{""cardId"":""13-156"",""count"":2},{""cardId"":""13-164"",""count"":4},{""cardId"":""13-174"",""count"":4},{""cardId"":""13-175"",""count"":3},{""cardId"":""13-185"",""count"":2},{""cardId"":""13-23"",""count"":3},{""cardId"":""13-40"",""count"":4},{""cardId"":""13-42"",""count"":4},{""cardId"":""13-5"",""count"":4},{""cardId"":""13-61"",""count"":1},{""cardId"":""13-62"",""count"":1},{""cardId"":""13-67"",""count"":3},{""cardId"":""13-71"",""count"":2},{""cardId"":""13-78"",""count"":4},{""cardId"":""13-83"",""count"":3},{""cardId"":""2-59"",""count"":3}]",Bot (Normal),false,true,Sapphire/Steel,01a01ceb-83a0-7b1c-9cd0-54b1adaf9dfb,01a01ceb-839c-7641-ad3c-123f15c3b184_p1.replay.gz,https://duels.ink/r/01a01ceb-83a0-7b1c-9cd0-54b1adaf9dfb,01a01ceb-839c-7641-ad3c-123f15c3b184,01a01ceb-839c-7641-ad3c-123f15c3b184.logs.gz,https://duels.ink/g/01a01ceb-839c-7641-ad3c-123f15c3b184
01a01b94-6e6f-7c1b-acb7-d42617d742d3,,bo1,,bot,,,false,,,2026-08-19T19:51:47.599Z,2026-08-19T20:00:10.449Z,503,8,win,lore,1,true,20,4,,,,false,,NXjudlPnHhqUtmfVoVIh5j0C0v81fpoh,01a01b94-18d0-7ff1-a029-db8c67d00b3a,Amber/Amethyst/Emerald/Ruby/Sapphire/Steel,"[{""cardId"":""10-62"",""count"":2},{""cardId"":""12-148"",""count"":3},{""cardId"":""12-162"",""count"":2},{""cardId"":""13-126"",""count"":2},{""cardId"":""13-154"",""count"":4},{""cardId"":""13-156"",""count"":2},{""cardId"":""13-164"",""count"":4},{""cardId"":""13-174"",""count"":4},{""cardId"":""13-175"",""count"":3},{""cardId"":""13-185"",""count"":2},{""cardId"":""13-23"",""count"":3},{""cardId"":""13-40"",""count"":4},{""cardId"":""13-42"",""count"":4},{""cardId"":""13-5"",""count"":4},{""cardId"":""13-61"",""count"":1},{""cardId"":""13-62"",""count"":1},{""cardId"":""13-67"",""count"":3},{""cardId"":""13-71"",""count"":2},{""cardId"":""13-78"",""count"":4},{""cardId"":""13-83"",""count"":3},{""cardId"":""2-59"",""count"":3}]",Bot (Normal),false,true,Amber/Sapphire,01a01b94-6e8e-7b1e-846a-3b05d26af8bf,01a01b94-6e6f-7c1b-acb7-d42617d742d3_p1.replay.gz,https://duels.ink/r/01a01b94-6e8e-7b1e-846a-3b05d26af8bf,01a01b94-6e6f-7c1b-acb7-d42617d742d3,01a01b94-6e6f-7c1b-acb7-d42617d742d3.logs.gz,https://duels.ink/g/01a01b94-6e6f-7c1b-acb7-d42617d742d3
01a01ab2-d339-72a3-b0fd-552f040621ea,,bo1,,bot,,,false,,,2026-08-19T15:45:22.241Z,2026-08-19T15:57:37.082Z,735,9,loss,lore,1,true,17,20,,,,false,,NXjudlPnHhqUtmfVoVIh5j0C0v81fpoh,01a01646-e86d-709f-a6bd-c60e8ab3364a,Amber/Emerald,"[{""cardId"":""10-19"",""count"":2},{""cardId"":""11-1"",""count"":3},{""cardId"":""11-11"",""count"":2},{""cardId"":""11-13"",""count"":4},{""cardId"":""11-20"",""count"":4},{""cardId"":""11-9"",""count"":4},{""cardId"":""12-22"",""count"":4},{""cardId"":""12-26"",""count"":2},{""cardId"":""12-86"",""count"":4},{""cardId"":""12-90"",""count"":4},{""cardId"":""13-12"",""count"":4},{""cardId"":""13-18"",""count"":4},{""cardId"":""2-27"",""count"":3},{""cardId"":""3-18"",""count"":4},{""cardId"":""3-90"",""count"":4},{""cardId"":""9-6"",""count"":4},{""cardId"":""9-78"",""count"":4}]",Bot (Normal),false,true,Amber/Emerald,01a01ab2-d340-76e3-be4c-15b8e9296f2f,01a01ab2-d339-72a3-b0fd-552f040621ea_p1.replay.gz,https://duels.ink/r/01a01ab2-d340-76e3-be4c-15b8e9296f2f,01a01ab2-d339-72a3-b0fd-552f040621ea,01a01ab2-d339-72a3-b0fd-552f040621ea.logs.gz,https://duels.ink/g/01a01ab2-d339-72a3-b0fd-552f040621ea
01a01a78-73dc-7a44-b8a0-e8811c6d6b6c,,bo1,,bot,,,false,,,2026-08-19T14:41:36.745Z,2026-08-19T14:57:33.161Z,956,12,win,lore,1,true,20,19,,,,false,,NXjudlPnHhqUtmfVoVIh5j0C0v81fpoh,01a01646-e86d-709f-a6bd-c60e8ab3364a,Amber/Emerald,"[{""cardId"":""10-19"",""count"":2},{""cardId"":""11-1"",""count"":3},{""cardId"":""11-11"",""count"":2},{""cardId"":""11-13"",""count"":4},{""cardId"":""11-20"",""count"":4},{""cardId"":""11-9"",""count"":4},{""cardId"":""12-22"",""count"":4},{""cardId"":""12-26"",""count"":2},{""cardId"":""12-86"",""count"":4},{""cardId"":""12-90"",""count"":4},{""cardId"":""13-12"",""count"":4},{""cardId"":""13-18"",""count"":4},{""cardId"":""2-27"",""count"":3},{""cardId"":""3-18"",""count"":4},{""cardId"":""3-90"",""count"":4},{""cardId"":""9-6"",""count"":4},{""cardId"":""9-78"",""count"":4}]",Bot (Normal),false,true,Amethyst/Ruby,01a01a78-73e8-7d47-bcc0-455e6a19fe9a,01a01a78-73dc-7a44-b8a0-e8811c6d6b6c_p1.replay.gz,https://duels.ink/r/01a01a78-73e8-7d47-bcc0-455e6a19fe9a,01a01a78-73dc-7a44-b8a0-e8811c6d6b6c,01a01a78-73dc-7a44-b8a0-e8811c6d6b6c.logs.gz,https://duels.ink/g/01a01a78-73dc-7a44-b8a0-e8811c6d6b6c
01a0179d-563e-7064-bda7-aa1734de374c,,bo1,,bot,,,false,,,2026-08-19T01:23:02.339Z,2026-08-19T01:36:45.793Z,823,11,win,lore,1,true,20,14,,,,false,,NXjudlPnHhqUtmfVoVIh5j0C0v81fpoh,01a01646-e86d-709f-a6bd-c60e8ab3364a,Amber/Emerald,"[{""cardId"":""10-19"",""count"":2},{""cardId"":""11-1"",""count"":3},{""cardId"":""11-11"",""count"":2},{""cardId"":""11-13"",""count"":4},{""cardId"":""11-20"",""count"":4},{""cardId"":""11-9"",""count"":4},{""cardId"":""12-22"",""count"":4},{""cardId"":""12-26"",""count"":2},{""cardId"":""12-86"",""count"":4},{""cardId"":""12-90"",""count"":4},{""cardId"":""13-12"",""count"":4},{""cardId"":""13-18"",""count"":4},{""cardId"":""2-27"",""count"":3},{""cardId"":""3-18"",""count"":4},{""cardId"":""3-90"",""count"":4},{""cardId"":""9-6"",""count"":4},{""cardId"":""9-78"",""count"":4}]",Bot (Normal),false,true,Emerald/Ruby,01a0179d-5642-71db-a595-4a6b9ed53281,01a0179d-563e-7064-bda7-aa1734de374c_p1.replay.gz,https://duels.ink/r/01a0179d-5642-71db-a595-4a6b9ed53281,01a0179d-563e-7064-bda7-aa1734de374c,01a0179d-563e-7064-bda7-aa1734de374c.logs.gz,https://duels.ink/g/01a0179d-563e-7064-bda7-aa1734de374c
01a01728-b476-781f-ac75-5cc16c75e55e,,bo1,,bot,,,false,,,2026-08-18T23:15:38.758Z,2026-08-18T23:30:01.272Z,863,8,win,lore,1,true,20,5,,,,false,,NXjudlPnHhqUtmfVoVIh5j0C0v81fpoh,01a01646-e86d-709f-a6bd-c60e8ab3364a,Amber/Emerald,"[{""cardId"":""10-19"",""count"":2},{""cardId"":""11-1"",""count"":3},{""cardId"":""11-11"",""count"":2},{""cardId"":""11-13"",""count"":4},{""cardId"":""11-20"",""count"":4},{""cardId"":""11-9"",""count"":4},{""cardId"":""12-22"",""count"":4},{""cardId"":""12-26"",""count"":2},{""cardId"":""12-86"",""count"":4},{""cardId"":""12-90"",""count"":4},{""cardId"":""13-12"",""count"":4},{""cardId"":""13-18"",""count"":4},{""cardId"":""2-27"",""count"":3},{""cardId"":""3-18"",""count"":4},{""cardId"":""3-90"",""count"":4},{""cardId"":""9-6"",""count"":4},{""cardId"":""9-78"",""count"":4}]",Bot (Normal),false,true,Amethyst/Ruby,01a01728-b483-7313-937e-f2990fe04351,01a01728-b476-781f-ac75-5cc16c75e55e_p1.replay.gz,https://duels.ink/r/01a01728-b483-7313-937e-f2990fe04351,01a01728-b476-781f-ac75-5cc16c75e55e,01a01728-b476-781f-ac75-5cc16c75e55e.logs.gz,https://duels.ink/g/01a01728-b476-781f-ac75-5cc16c75e55e
01a01710-acca-72ae-bfa1-3cb6e98ca74a,,bo1,,bot,,,false,,,2026-08-18T22:49:23.920Z,2026-08-18T23:08:14.141Z,1130,11,win,lore,1,true,20,0,,,,false,,NXjudlPnHhqUtmfVoVIh5j0C0v81fpoh,01a01646-e86d-709f-a6bd-c60e8ab3364a,Amber/Emerald,"[{""cardId"":""10-19"",""count"":2},{""cardId"":""11-1"",""count"":3},{""cardId"":""11-11"",""count"":2},{""cardId"":""11-13"",""count"":4},{""cardId"":""11-20"",""count"":4},{""cardId"":""11-9"",""count"":4},{""cardId"":""12-22"",""count"":4},{""cardId"":""12-26"",""count"":2},{""cardId"":""12-86"",""count"":4},{""cardId"":""12-90"",""count"":4},{""cardId"":""13-12"",""count"":4},{""cardId"":""13-18"",""count"":4},{""cardId"":""2-27"",""count"":3},{""cardId"":""3-18"",""count"":4},{""cardId"":""3-90"",""count"":4},{""cardId"":""9-6"",""count"":4},{""cardId"":""9-78"",""count"":4}]",Bot (Normal),false,true,Ruby/Steel,01a01710-accf-7aa7-9f6b-2e59dcbb2a21,01a01710-acca-72ae-bfa1-3cb6e98ca74a_p1.replay.gz,https://duels.ink/r/01a01710-accf-7aa7-9f6b-2e59dcbb2a21,01a01710-acca-72ae-bfa1-3cb6e98ca74a,01a01710-acca-72ae-bfa1-3cb6e98ca74a.logs.gz,https://duels.ink/g/01a01710-acca-72ae-bfa1-3cb6e98ca74a
01a01708-d9bc-7013-ba77-daebd9bb1624,,bo1,,bot,,,false,,,2026-08-18T22:40:51.138Z,2026-08-18T22:48:58.012Z,487,8,win,lore,1,true,20,9,,,,false,,NXjudlPnHhqUtmfVoVIh5j0C0v81fpoh,01a01646-e86d-709f-a6bd-c60e8ab3364a,Amber/Emerald,"[{""cardId"":""10-19"",""count"":2},{""cardId"":""11-1"",""count"":3},{""cardId"":""11-11"",""count"":2},{""cardId"":""11-13"",""count"":4},{""cardId"":""11-20"",""count"":4},{""cardId"":""11-9"",""count"":4},{""cardId"":""12-22"",""count"":4},{""cardId"":""12-26"",""count"":2},{""cardId"":""12-86"",""count"":4},{""cardId"":""12-90"",""count"":4},{""cardId"":""13-12"",""count"":4},{""cardId"":""13-18"",""count"":4},{""cardId"":""2-27"",""count"":3},{""cardId"":""3-18"",""count"":4},{""cardId"":""3-90"",""count"":4},{""cardId"":""9-6"",""count"":4},{""cardId"":""9-78"",""count"":4}]",Bot (Normal),false,true,Amber/Sapphire,01a01708-d9c1-781d-a34d-69ffe0a593d8,01a01708-d9bc-7013-ba77-daebd9bb1624_p1.replay.gz,https://duels.ink/r/01a01708-d9c1-781d-a34d-69ffe0a593d8,01a01708-d9bc-7013-ba77-daebd9bb1624,01a01708-d9bc-7013-ba77-daebd9bb1624.logs.gz,https://duels.ink/g/01a01708-d9bc-7013-ba77-daebd9bb1624
01a01700-a415-7ae5-b435-154788cf2eea,,bo1,,bot,,,false,,,2026-08-18T22:31:53.118Z,2026-08-18T22:40:48.357Z,535,10,loss,lore,1,true,18,21,,,,false,,NXjudlPnHhqUtmfVoVIh5j0C0v81fpoh,01a01646-e86d-709f-a6bd-c60e8ab3364a,Amber/Emerald,"[{""cardId"":""10-19"",""count"":2},{""cardId"":""11-1"",""count"":3},{""cardId"":""11-11"",""count"":2},{""cardId"":""11-13"",""count"":4},{""cardId"":""11-20"",""count"":4},{""cardId"":""11-9"",""count"":4},{""cardId"":""12-22"",""count"":4},{""cardId"":""12-26"",""count"":2},{""cardId"":""12-86"",""count"":4},{""cardId"":""12-90"",""count"":4},{""cardId"":""13-12"",""count"":4},{""cardId"":""13-18"",""count"":4},{""cardId"":""2-27"",""count"":3},{""cardId"":""3-18"",""count"":4},{""cardId"":""3-90"",""count"":4},{""cardId"":""9-6"",""count"":4},{""cardId"":""9-78"",""count"":4}]",Bot (Normal),false,true,Amber/Sapphire,01a01700-a41c-7e99-b50e-71b701abb814,01a01700-a415-7ae5-b435-154788cf2eea_p1.replay.gz,https://duels.ink/r/01a01700-a41c-7e99-b50e-71b701abb814,01a01700-a415-7ae5-b435-154788cf2eea,01a01700-a415-7ae5-b435-154788cf2eea.logs.gz,https://duels.ink/g/01a01700-a415-7ae5-b435-154788cf2eea
01a016ed-37d2-7521-8089-36c55134585d,,bo1,,bot,,,false,,,2026-08-18T22:10:40.218Z,2026-08-18T22:24:43.378Z,843,10,win,lore,1,true,20,12,,,,false,,NXjudlPnHhqUtmfVoVIh5j0C0v81fpoh,01a01646-e86d-709f-a6bd-c60e8ab3364a,Amber/Emerald,"[{""cardId"":""10-19"",""count"":2},{""cardId"":""11-1"",""count"":3},{""cardId"":""11-11"",""count"":2},{""cardId"":""11-13"",""count"":4},{""cardId"":""11-20"",""count"":4},{""cardId"":""11-9"",""count"":4},{""cardId"":""12-22"",""count"":4},{""cardId"":""12-26"",""count"":2},{""cardId"":""12-86"",""count"":4},{""cardId"":""12-90"",""count"":4},{""cardId"":""13-12"",""count"":4},{""cardId"":""13-18"",""count"":4},{""cardId"":""2-27"",""count"":3},{""cardId"":""3-18"",""count"":4},{""cardId"":""3-90"",""count"":4},{""cardId"":""9-6"",""count"":4},{""cardId"":""9-78"",""count"":4}]",Bot (Normal),false,true,Sapphire/Steel,01a016ed-37da-7311-9220-40b0ce957866,01a016ed-37d2-7521-8089-36c55134585d_p1.replay.gz,https://duels.ink/r/01a016ed-37da-7311-9220-40b0ce957866,01a016ed-37d2-7521-8089-36c55134585d,01a016ed-37d2-7521-8089-36c55134585d.logs.gz,https://duels.ink/g/01a016ed-37d2-7521-8089-36c55134585d
01a016e8-8b91-74f2-bde2-020c3ada440c,,bo1,,bot,,,false,,,2026-08-18T22:05:33.974Z,2026-08-18T22:10:37.410Z,303,7,loss,lore,1,true,10,20,,,,false,,NXjudlPnHhqUtmfVoVIh5j0C0v81fpoh,01a01646-e86d-709f-a6bd-c60e8ab3364a,Amber/Emerald,"[{""cardId"":""10-19"",""count"":2},{""cardId"":""11-1"",""count"":3},{""cardId"":""11-11"",""count"":2},{""cardId"":""11-13"",""count"":4},{""cardId"":""11-20"",""count"":4},{""cardId"":""11-9"",""count"":4},{""cardId"":""12-22"",""count"":4},{""cardId"":""12-26"",""count"":2},{""cardId"":""12-86"",""count"":4},{""cardId"":""12-90"",""count"":4},{""cardId"":""13-12"",""count"":4},{""cardId"":""13-18"",""count"":4},{""cardId"":""2-27"",""count"":3},{""cardId"":""3-18"",""count"":4},{""cardId"":""3-90"",""count"":4},{""cardId"":""9-6"",""count"":4},{""cardId"":""9-78"",""count"":4}]",Bot (Normal),false,true,Sapphire/Steel,01a016e8-8b96-78cb-aa47-90ec7fb0691f,01a016e8-8b91-74f2-bde2-020c3ada440c_p1.replay.gz,https://duels.ink/r/01a016e8-8b96-78cb-aa47-90ec7fb0691f,01a016e8-8b91-74f2-bde2-020c3ada440c,01a016e8-8b91-74f2-bde2-020c3ada440c.logs.gz,https://duels.ink/g/01a016e8-8b91-74f2-bde2-020c3ada440c
01a016e2-36e6-777a-859f-96b67d396517,,bo1,,bot,,,false,,,2026-08-18T21:58:39.085Z,2026-08-18T22:05:30.740Z,412,8,loss,lore,1,true,7,21,,,,false,,NXjudlPnHhqUtmfVoVIh5j0C0v81fpoh,01a01646-e86d-709f-a6bd-c60e8ab3364a,Amber/Emerald,"[{""cardId"":""10-19"",""count"":2},{""cardId"":""11-1"",""count"":3},{""cardId"":""11-11"",""count"":2},{""cardId"":""11-13"",""count"":4},{""cardId"":""11-20"",""count"":4},{""cardId"":""11-9"",""count"":4},{""cardId"":""12-22"",""count"":4},{""cardId"":""12-26"",""count"":2},{""cardId"":""12-86"",""count"":4},{""cardId"":""12-90"",""count"":4},{""cardId"":""13-12"",""count"":4},{""cardId"":""13-18"",""count"":4},{""cardId"":""2-27"",""count"":3},{""cardId"":""3-18"",""count"":4},{""cardId"":""3-90"",""count"":4},{""cardId"":""9-6"",""count"":4},{""cardId"":""9-78"",""count"":4}]",Bot (Normal),false,true,Sapphire/Steel,01a016e2-36ed-7a2e-84d5-f152d79854c3,01a016e2-36e6-777a-859f-96b67d396517_p1.replay.gz,https://duels.ink/r/01a016e2-36ed-7a2e-84d5-f152d79854c3,01a016e2-36e6-777a-859f-96b67d396517,01a016e2-36e6-777a-859f-96b67d396517.logs.gz,https://duels.ink/g/01a016e2-36e6-777a-859f-96b67d396517
01a016d7-0db5-79d4-ad88-ea9c75530d3e,,bo1,,bot,,,false,,,2026-08-18T21:46:27.655Z,2026-08-18T21:58:35.805Z,728,9,loss,lore,1,true,10,20,,,,false,,NXjudlPnHhqUtmfVoVIh5j0C0v81fpoh,01a01646-e86d-709f-a6bd-c60e8ab3364a,Amber/Emerald,"[{""cardId"":""10-19"",""count"":2},{""cardId"":""11-1"",""count"":3},{""cardId"":""11-11"",""count"":2},{""cardId"":""11-13"",""count"":4},{""cardId"":""11-20"",""count"":4},{""cardId"":""11-9"",""count"":4},{""cardId"":""12-22"",""count"":4},{""cardId"":""12-26"",""count"":2},{""cardId"":""12-86"",""count"":4},{""cardId"":""12-90"",""count"":4},{""cardId"":""13-12"",""count"":4},{""cardId"":""13-18"",""count"":4},{""cardId"":""2-27"",""count"":3},{""cardId"":""3-18"",""count"":4},{""cardId"":""3-90"",""count"":4},{""cardId"":""9-6"",""count"":4},{""cardId"":""9-78"",""count"":4}]",Bot (Normal),false,true,Sapphire/Steel,01a016d7-0dc6-7247-971b-d6e5e37b0417,01a016d7-0db5-79d4-ad88-ea9c75530d3e_p1.replay.gz,https://duels.ink/r/01a016d7-0dc6-7247-971b-d6e5e37b0417,01a016d7-0db5-79d4-ad88-ea9c75530d3e,01a016d7-0db5-79d4-ad88-ea9c75530d3e.logs.gz,https://duels.ink/g/01a016d7-0db5-79d4-ad88-ea9c75530d3e
01a00c88-7c59-7752-8ae7-bf8f5a8ee609,,bo1,,bot,,,false,,,2026-08-16T21:44:26.462Z,2026-08-16T21:51:33.582Z,427,10,win,lore,1,true,22,15,,,,false,,NXjudlPnHhqUtmfVoVIh5j0C0v81fpoh,01a00b8a-cade-7bed-b60b-19dfbffd0772,Ruby/Steel,"[{""cardId"":""1-194"",""count"":2},{""cardId"":""10-105"",""count"":1},{""cardId"":""10-182"",""count"":1},{""cardId"":""10-193"",""count"":3},{""cardId"":""11-108"",""count"":3},{""cardId"":""11-117"",""count"":2},{""cardId"":""11-134"",""count"":2},{""cardId"":""11-136"",""count"":1},{""cardId"":""11-174"",""count"":3},{""cardId"":""11-190"",""count"":1},{""cardId"":""12-104"",""count"":3},{""cardId"":""12-122"",""count"":1},{""cardId"":""12-127"",""count"":3},{""cardId"":""12-179"",""count"":2},{""cardId"":""13-121"",""count"":2},{""cardId"":""13-127"",""count"":4},{""cardId"":""13-130"",""count"":3},{""cardId"":""13-135"",""count"":2},{""cardId"":""13-177"",""count"":2},{""cardId"":""13-182"",""count"":2},{""cardId"":""13-183"",""count"":4},{""cardId"":""13-186"",""count"":2},{""cardId"":""13-189"",""count"":3},{""cardId"":""13-192"",""count"":2},{""cardId"":""13-199"",""count"":2},{""cardId"":""2-174"",""count"":2},{""cardId"":""9-178"",""count"":2}]",Bot (Normal),false,true,Sapphire/Steel,01a00c88-7c5d-7669-a31c-b38fa81e9e64,01a00c88-7c59-7752-8ae7-bf8f5a8ee609_p1.replay.gz,https://duels.ink/r/01a00c88-7c5d-7669-a31c-b38fa81e9e64,01a00c88-7c59-7752-8ae7-bf8f5a8ee609,01a00c88-7c59-7752-8ae7-bf8f5a8ee609.logs.gz,https://duels.ink/g/01a00c88-7c59-7752-8ae7-bf8f5a8ee609
01a00c79-3c5c-7b19-8950-6a0423472d89,,bo1,,bot,,,false,,,2026-08-16T21:27:47.042Z,2026-08-16T21:44:20.845Z,994,17,loss,lore,1,true,5,20,,,,false,,NXjudlPnHhqUtmfVoVIh5j0C0v81fpoh,01a00b8a-cade-7bed-b60b-19dfbffd0772,Ruby/Steel,"[{""cardId"":""1-194"",""count"":2},{""cardId"":""10-105"",""count"":1},{""cardId"":""10-182"",""count"":1},{""cardId"":""10-193"",""count"":3},{""cardId"":""11-108"",""count"":3},{""cardId"":""11-117"",""count"":2},{""cardId"":""11-134"",""count"":2},{""cardId"":""11-136"",""count"":1},{""cardId"":""11-174"",""count"":3},{""cardId"":""11-190"",""count"":1},{""cardId"":""12-104"",""count"":3},{""cardId"":""12-122"",""count"":1},{""cardId"":""12-127"",""count"":3},{""cardId"":""12-179"",""count"":2},{""cardId"":""13-121"",""count"":2},{""cardId"":""13-127"",""count"":4},{""cardId"":""13-130"",""count"":3},{""cardId"":""13-135"",""count"":2},{""cardId"":""13-177"",""count"":2},{""cardId"":""13-182"",""count"":2},{""cardId"":""13-183"",""count"":4},{""cardId"":""13-186"",""count"":2},{""cardId"":""13-189"",""count"":3},{""cardId"":""13-192"",""count"":2},{""cardId"":""13-199"",""count"":2},{""cardId"":""2-174"",""count"":2},{""cardId"":""9-178"",""count"":2}]",Bot (Normal),false,true,Sapphire/Steel,01a00c79-3c61-7695-95a0-4f2b4f560468,01a00c79-3c5c-7b19-8950-6a0423472d89_p1.replay.gz,https://duels.ink/r/01a00c79-3c61-7695-95a0-4f2b4f560468,01a00c79-3c5c-7b19-8950-6a0423472d89,01a00c79-3c5c-7b19-8950-6a0423472d89.logs.gz,https://duels.ink/g/01a00c79-3c5c-7b19-8950-6a0423472d89
01a00c6f-a31b-7e1d-b59f-a25bd990c0fe,,bo1,,bot,,,false,,,2026-08-16T21:17:18.012Z,2026-08-16T21:27:43.274Z,625,13,loss,lore,1,true,17,20,,,,false,,NXjudlPnHhqUtmfVoVIh5j0C0v81fpoh,01a00b8a-cade-7bed-b60b-19dfbffd0772,Ruby/Steel,"[{""cardId"":""1-194"",""count"":2},{""cardId"":""10-105"",""count"":1},{""cardId"":""10-182"",""count"":1},{""cardId"":""10-193"",""count"":3},{""cardId"":""11-108"",""count"":3},{""cardId"":""11-117"",""count"":2},{""cardId"":""11-134"",""count"":2},{""cardId"":""11-136"",""count"":1},{""cardId"":""11-174"",""count"":3},{""cardId"":""11-190"",""count"":1},{""cardId"":""12-104"",""count"":3},{""cardId"":""12-122"",""count"":1},{""cardId"":""12-127"",""count"":3},{""cardId"":""12-179"",""count"":2},{""cardId"":""13-121"",""count"":2},{""cardId"":""13-127"",""count"":4},{""cardId"":""13-130"",""count"":3},{""cardId"":""13-135"",""count"":2},{""cardId"":""13-177"",""count"":2},{""cardId"":""13-182"",""count"":2},{""cardId"":""13-183"",""count"":4},{""cardId"":""13-186"",""count"":2},{""cardId"":""13-189"",""count"":3},{""cardId"":""13-192"",""count"":2},{""cardId"":""13-199"",""count"":2},{""cardId"":""2-174"",""count"":2},{""cardId"":""9-178"",""count"":2}]",Bot (Normal),false,true,Sapphire/Steel,01a00c6f-a33b-7820-a281-3e19889d05b3,01a00c6f-a31b-7e1d-b59f-a25bd990c0fe_p1.replay.gz,https://duels.ink/r/01a00c6f-a33b-7820-a281-3e19889d05b3,01a00c6f-a31b-7e1d-b59f-a25bd990c0fe,01a00c6f-a31b-7e1d-b59f-a25bd990c0fe.logs.gz,https://duels.ink/g/01a00c6f-a31b-7e1d-b59f-a25bd990c0fe
01a00b8b-49e8-721e-bf8f-cb7b86e392f5,,bo1,,bot,,,false,,,2026-08-16T17:07:52.964Z,2026-08-16T17:32:39.482Z,1487,11,win,lore,1,true,21,15,,,,false,,NXjudlPnHhqUtmfVoVIh5j0C0v81fpoh,01a00b8a-cade-7bed-b60b-19dfbffd0772,Ruby/Steel,"[{""cardId"":""1-194"",""count"":2},{""cardId"":""10-105"",""count"":1},{""cardId"":""10-182"",""count"":1},{""cardId"":""10-193"",""count"":3},{""cardId"":""11-108"",""count"":3},{""cardId"":""11-117"",""count"":2},{""cardId"":""11-134"",""count"":2},{""cardId"":""11-136"",""count"":1},{""cardId"":""11-174"",""count"":3},{""cardId"":""11-190"",""count"":1},{""cardId"":""12-104"",""count"":3},{""cardId"":""12-122"",""count"":1},{""cardId"":""12-127"",""count"":3},{""cardId"":""12-179"",""count"":2},{""cardId"":""13-121"",""count"":2},{""cardId"":""13-127"",""count"":4},{""cardId"":""13-130"",""count"":3},{""cardId"":""13-135"",""count"":2},{""cardId"":""13-177"",""count"":2},{""cardId"":""13-182"",""count"":2},{""cardId"":""13-183"",""count"":4},{""cardId"":""13-186"",""count"":2},{""cardId"":""13-189"",""count"":3},{""cardId"":""13-192"",""count"":2},{""cardId"":""13-199"",""count"":2},{""cardId"":""2-174"",""count"":2},{""cardId"":""9-178"",""count"":2}]",Bot (Normal),false,true,Amber/Sapphire,01a00b8b-4a03-7668-9141-ed6492cea99e,01a00b8b-49e8-721e-bf8f-cb7b86e392f5_p1.replay.gz,https://duels.ink/r/01a00b8b-4a03-7668-9141-ed6492cea99e,01a00b8b-49e8-721e-bf8f-cb7b86e392f5,01a00b8b-49e8-721e-bf8f-cb7b86e392f5.logs.gz,https://duels.ink/g/01a00b8b-49e8-721e-bf8f-cb7b86e392f5
01a0015e-d30a-72a8-ae3b-4a1ae2ac7cba,,bo1,,bot,,,false,,,2026-08-14T17:43:06.769Z,2026-08-14T17:54:15.409Z,669,11,loss,lore,1,false,15,20,,,,false,,NXjudlPnHhqUtmfVoVIh5j0C0v81fpoh,01a00153-dea2-7e2f-bbaf-425d9ee42ab3,Ruby/Steel,"[{""cardId"":""1-194"",""count"":2},{""cardId"":""10-105"",""count"":1},{""cardId"":""10-177"",""count"":1},{""cardId"":""10-182"",""count"":1},{""cardId"":""10-193"",""count"":3},{""cardId"":""11-108"",""count"":3},{""cardId"":""11-117"",""count"":2},{""cardId"":""11-136"",""count"":1},{""cardId"":""11-174"",""count"":3},{""cardId"":""11-190"",""count"":1},{""cardId"":""12-104"",""count"":3},{""cardId"":""12-122"",""count"":2},{""cardId"":""12-127"",""count"":3},{""cardId"":""12-179"",""count"":2},{""cardId"":""13-121"",""count"":2},{""cardId"":""13-127"",""count"":4},{""cardId"":""13-130"",""count"":3},{""cardId"":""13-135"",""count"":2},{""cardId"":""13-177"",""count"":2},{""cardId"":""13-182"",""count"":2},{""cardId"":""13-183"",""count"":4},{""cardId"":""13-186"",""count"":2},{""cardId"":""13-189"",""count"":3},{""cardId"":""13-192"",""count"":2},{""cardId"":""13-199"",""count"":2},{""cardId"":""2-174"",""count"":2},{""cardId"":""9-178"",""count"":2}]",Bot (Normal),false,true,Amethyst/Ruby,01a0015e-d310-75cd-838f-dddf8fb93d62,01a0015e-d30a-72a8-ae3b-4a1ae2ac7cba_p1.replay.gz,https://duels.ink/r/01a0015e-d310-75cd-838f-dddf8fb93d62,01a0015e-d30a-72a8-ae3b-4a1ae2ac7cba,01a0015e-d30a-72a8-ae3b-4a1ae2ac7cba.logs.gz,https://duels.ink/g/01a0015e-d30a-72a8-ae3b-4a1ae2ac7cba
01a00154-e6fc-7a09-a8c5-f1b86ce1eb98,,bo1,,bot,,,false,,,2026-08-14T17:32:16.528Z,2026-08-14T17:43:01.697Z,645,9,loss,lore,1,false,7,21,,,,false,,NXjudlPnHhqUtmfVoVIh5j0C0v81fpoh,01a00153-dea2-7e2f-bbaf-425d9ee42ab3,Ruby/Steel,"[{""cardId"":""1-194"",""count"":2},{""cardId"":""10-105"",""count"":1},{""cardId"":""10-177"",""count"":1},{""cardId"":""10-182"",""count"":1},{""cardId"":""10-193"",""count"":3},{""cardId"":""11-108"",""count"":3},{""cardId"":""11-117"",""count"":2},{""cardId"":""11-136"",""count"":1},{""cardId"":""11-174"",""count"":3},{""cardId"":""11-190"",""count"":1},{""cardId"":""12-104"",""count"":3},{""cardId"":""12-122"",""count"":2},{""cardId"":""12-127"",""count"":3},{""cardId"":""12-179"",""count"":2},{""cardId"":""13-121"",""count"":2},{""cardId"":""13-127"",""count"":4},{""cardId"":""13-130"",""count"":3},{""cardId"":""13-135"",""count"":2},{""cardId"":""13-177"",""count"":2},{""cardId"":""13-182"",""count"":2},{""cardId"":""13-183"",""count"":4},{""cardId"":""13-186"",""count"":2},{""cardId"":""13-189"",""count"":3},{""cardId"":""13-192"",""count"":2},{""cardId"":""13-199"",""count"":2},{""cardId"":""2-174"",""count"":2},{""cardId"":""9-178"",""count"":2}]",Bot (Normal),false,true,Amethyst/Ruby,01a00154-e70f-76e4-bcaf-49ad39df2b39,01a00154-e6fc-7a09-a8c5-f1b86ce1eb98_p1.replay.gz,https://duels.ink/r/01a00154-e70f-76e4-bcaf-49ad39df2b39,01a00154-e6fc-7a09-a8c5-f1b86ce1eb98,01a00154-e6fc-7a09-a8c5-f1b86ce1eb98.logs.gz,https://duels.ink/g/01a00154-e6fc-7a09-a8c5-f1b86ce1eb98
